object,field_path,label,classification,is_menu,oracle_type,oracle_format,max_length,read_only,lookup_target,description,suggested_sf_type,usage_48mo,records_48mo,filled_48mo,pct_filled_48mo,checked_48mo,filled_all_time,picklist_value_count,picklist_values,picklist_values_source,picklist_values_used_48mo_count,picklist_values_used_48mo,note
DEMOGR.CollectionMethod,id,ID,standard,false,integer,"",,false,"",System Field,Number,no records in 48 months,0,0,,,3,,"","",,"",""
DEMOGR.CollectionMethod,lookupName,LookupName,standard,false,string,"",255,true,"",The name used to look up the account.,Text(255),no records in 48 months,0,0,,,3,,"","",,"",""
DEMOGR.CollectionMethod,createdTime,CreatedTime,standard,false,string,date-time,,true,"",The date and time when the account was created. This attribute is read-only.,Date/Time,never used,0,0,,,0,,"","",,"",""
DEMOGR.CollectionMethod,updatedTime,UpdatedTime,standard,false,string,date-time,,true,"",The date and time when the account was last updated. This attribute is read-only.,Date/Time,never used,0,0,,,0,,"","",,"",""
DEMOGR.CollectionMethod,DisplayOrder,DisplayOrder,standard,false,integer,"",,false,"",System Field,Number,no records in 48 months,0,0,,,3,,"","",,"",""
DEMOGR.CollectionMethod,Name,Name,standard,false,string,"",40,false,"",System Field,Text(40),no records in 48 months,0,0,,,3,,"","",,"",""
DEMOGR.CollectionStatistics,id,ID,standard,false,integer,"",,false,"",System Field,Number,no records in 48 months,0,0,,,8017,,"","",,"",""
DEMOGR.CollectionStatistics,lookupName,LookupName,standard,false,string,"",255,true,"",The name used to look up the account.,Text(255),no records in 48 months,0,0,,,8017,,"","",,"",""
DEMOGR.CollectionStatistics,createdTime,CreatedTime,standard,false,string,date-time,,true,"",The date and time when the account was created. This attribute is read-only.,Date/Time,never used,0,0,,,0,,"","",,"",""
DEMOGR.CollectionStatistics,updatedTime,UpdatedTime,standard,false,string,date-time,,true,"",The date and time when the account was last updated. This attribute is read-only.,Date/Time,never used,0,0,,,0,,"","",,"",""
DEMOGR.CollectionStatistics,CollectionDate,CurrentDay,standard,false,string,date,,false,"","",Date,no records in 48 months,0,0,,,8017,,"","",,"",""
DEMOGR.CollectionStatistics,RunningTotalCollected,RunningTotalCollected,standard,false,integer,"",,false,"","",Number,no records in 48 months,0,0,,,8017,,"","",,"",""
DEMOGR.CollectionStatistics,RunningTotalQualifying,RunningTotalQualifying,standard,false,integer,"",,false,"","",Number,no records in 48 months,0,0,,,8017,,"","",,"",""
DEMOGR.CollectionStatistics,StudyID,StudyID,standard,false,object,"",,false,DEMOGR.Study,"",Lookup,no records in 48 months,0,0,,,8017,,"","",,"",""
DEMOGR.Study,id,ID,standard,false,integer,"",,false,"",System Field,Number,no records in 48 months,0,0,,,4,,"","",,"",""
DEMOGR.Study,lookupName,LookupName,standard,false,string,"",255,true,"",The name used to look up the account.,Text(255),no records in 48 months,0,0,,,4,,"","",,"",""
DEMOGR.Study,createdTime,Date Created,standard,false,string,date-time,,true,"",System Field,Date/Time,no records in 48 months,0,0,,,4,,"","",,"",""
DEMOGR.Study,updatedTime,Date Last Updated,standard,false,string,date-time,,true,"",System Field,Date/Time,no records in 48 months,0,0,,,4,,"","",,"",""
DEMOGR.Study,CreatedByAccount,Created By,standard,false,object,"",,true,accounts,System Field,Lookup(User),no records in 48 months,0,0,,,3,,"","",,"",""
DEMOGR.Study,UpdatedByAccount,Updated By,standard,false,object,"",,true,accounts,System Field,Lookup(User),no records in 48 months,0,0,,,3,,"","",,"",""
DEMOGR.Study,Active,Active,standard,false,boolean,"",,false,"","",Checkbox,no records in 48 months,0,0,,,4,,"","",,"",""
DEMOGR.Study,CollectionMethod,collection_method,standard,true,object,"",,false,DEMOGR.CollectionMethod,"",Picklist,never used,0,0,,,0,,"","Rows of DEMOGR.CollectionMethod (3), a custom object the pull treats as data and does not read. Empty on all 4 studies",,"",""
DEMOGR.Study,CollectionPCT,CollectionPCT,standard,false,string,"",4,false,"","",Text(4),no records in 48 months,0,0,,,4,,"","",,"",""
DEMOGR.Study,CustomFieldConditions,CustomFieldConditions,standard,false,string,"",349525,false,"","",Text Area (Long),never used,0,0,,,0,,"","",,"",""
DEMOGR.Study,Name,Name,standard,false,string,"",60,false,"","",Text(60),no records in 48 months,0,0,,,4,,"","",,"",""
DEMOGR.Study,WorkspaceNamedEvent,WorkspaceNamedEvent,standard,false,string,"",40,false,"","",Text(40),no records in 48 months,0,0,,,3,,"","",,"",""
DEMOGR.StudyQueue,id,ID,standard,false,integer,"",,false,"",System Field,Number,no records in 48 months,0,0,,,9,,"","",,"",""
DEMOGR.StudyQueue,lookupName,LookupName,standard,false,string,"",255,true,"",The name used to look up the account.,Text(255),no records in 48 months,0,0,,,9,,"","",,"",""
DEMOGR.StudyQueue,createdTime,CreatedTime,standard,false,string,date-time,,true,"",The date and time when the account was created. This attribute is read-only.,Date/Time,never used,0,0,,,0,,"","",,"",""
DEMOGR.StudyQueue,updatedTime,UpdatedTime,standard,false,string,date-time,,true,"",The date and time when the account was last updated. This attribute is read-only.,Date/Time,never used,0,0,,,0,,"","",,"",""
DEMOGR.StudyQueue,QueueName,queue_name,standard,false,string,"",60,false,"","",Text(60),no records in 48 months,0,0,,,9,,"","",,"",""
DEMOGR.StudyQueue,StudyID,study_id,standard,false,object,"",,false,DEMOGR.Study,"",Lookup,no records in 48 months,0,0,,,9,,"","",,"",""
OpenMethods.HarmonyConfiguration,id,ID,standard,false,integer,"",,false,"",System Field,Number,not measured,,,,,,,"","",,"",""
OpenMethods.HarmonyConfiguration,lookupName,LookupName,standard,false,string,"",255,true,"",The name used to look up the account.,Text(255),not measured,,,,,,,"","",,"",""
OpenMethods.HarmonyConfiguration,createdTime,Date Created,standard,false,string,date-time,,true,"",System Field,Date/Time,not measured,,,,,,,"","",,"",""
OpenMethods.HarmonyConfiguration,updatedTime,Date Last Updated,standard,false,string,date-time,,true,"",System Field,Date/Time,not measured,,,,,,,"","",,"",""
OpenMethods.HarmonyConfiguration,CreatedByAccount,Created By,standard,false,object,"",,true,accounts,System Field,Lookup(User),not measured,,,,,,,"","",,"",""
OpenMethods.HarmonyConfiguration,UpdatedByAccount,Updated By,standard,false,object,"",,true,accounts,System Field,Lookup(User),not measured,,,,,,,"","",,"",""
OpenMethods.HarmonyConfiguration,AppManagerUrl,AppManagerUrl,standard,false,string,"",255,false,"","",Text(255),not measured,,,,,,,"","",,"",""
OpenMethods.HarmonyConfiguration,ConfigServerAdminUrl,ConfigServerAdminUrl,standard,false,string,"",255,false,"","",Text(255),not measured,,,,,,,"","",,"",""
OpenMethods.HarmonyConfiguration,ConfigServerUrl,ConfigServerUrl,standard,false,string,"",255,false,"","",Text(255),not measured,,,,,,,"","",,"",""
OpenMethods.HarmonyConfiguration,CrmInstanceId,CrmInstanceId,standard,false,string,"",255,false,"","",Text(255),not measured,,,,,,,"","",,"",""
OpenMethods.HarmonyConfiguration,CustomerId,CustomerId,standard,false,string,"",255,false,"","",Text(255),not measured,,,,,,,"","",,"",""
OpenMethods.HarmonyConfiguration,EnableChat,EnableChat,standard,false,boolean,"",,false,"","",Checkbox,not measured,,,,,,,"","",,"",""
OpenMethods.HarmonyConfiguration,EnableHIPAA,EnableHIPAA,standard,false,boolean,"",,false,"","",Checkbox,not measured,,,,,,,"","",,"",""
OpenMethods.HarmonyConfiguration,LogFileCount,LogFileCount,standard,false,integer,"",,false,"","",Number,not measured,,,,,,,"","",,"",""
OpenMethods.HarmonyConfiguration,LogFileDirectory,LogFileDirectory,standard,false,string,"",255,false,"","",Text(255),not measured,,,,,,,"","",,"",""
OpenMethods.HarmonyConfiguration,LogFileSize,LogFileSize,standard,false,integer,"",,false,"","",Number,not measured,,,,,,,"","",,"",""
OpenMethods.HarmonyConfiguration,LogLevel,LogLevel,standard,false,string,"",50,false,"","",Text(50),not measured,,,,,,,"","",,"",""
OpenMethods.HarmonyConfiguration,Profiles,Profile Id(s),standard,false,string,"",255,false,"","",Text(255),not measured,,,,,,,"","",,"",""
OpenMethods.HarmonyConfiguration,QueueAdapterUrl,QueueAdapterUrl,standard,false,string,"",255,false,"","",Text(255),not measured,,,,,,,"","",,"",""
OpenMethods.HarmonyConfiguration,Users,Users,standard,false,string,"",255,false,"","",Text(255),not measured,,,,,,,"","",,"",""
OpenMethods.InteractionWorkflow,id,ID,standard,false,integer,"",,false,"",System Field,Number,not measured,,,,,,,"","",,"",""
OpenMethods.InteractionWorkflow,lookupName,LookupName,standard,false,string,"",255,true,"",The name used to look up the account.,Text(255),not measured,,,,,,,"","",,"",""
OpenMethods.InteractionWorkflow,createdTime,Date Created,standard,false,string,date-time,,true,"",System Field,Date/Time,not measured,,,,,,,"","",,"",""
OpenMethods.InteractionWorkflow,updatedTime,Date Last Updated,standard,false,string,date-time,,true,"",System Field,Date/Time,not measured,,,,,,,"","",,"",""
OpenMethods.InteractionWorkflow,CreatedByAccount,Created By,standard,false,object,"",,true,accounts,System Field,Lookup(User),not measured,,,,,,,"","",,"",""
OpenMethods.InteractionWorkflow,UpdatedByAccount,Updated By,standard,false,object,"",,true,accounts,System Field,Lookup(User),not measured,,,,,,,"","",,"",""
OpenMethods.InteractionWorkflow,Description,Description,standard,false,string,"",255,false,"","",Text(255),not measured,,,,,,,"","",,"",""
OpenMethods.InteractionWorkflow,Name,Name,standard,false,string,"",50,false,"","",Text(50),not measured,,,,,,,"","",,"",""
OpenMethods.InteractionWorkflow,Path,Path,standard,false,string,"",255,false,"","",Text(255),not measured,,,,,,,"","",,"",""
OpenMethods.InteractionWorkflow,WorkflowDefinition,WorkflowDefinition,standard,false,string,"",349525,false,"","",Text Area (Long),not measured,,,,,,,"","",,"",""
OpenMethods.InteractionWorkflow,WorkflowId,WorkflowId,standard,false,string,"",255,false,"","",Text(255),not measured,,,,,,,"","",,"",""
OpenMethods.License,id,ID,standard,false,integer,"",,false,"",System Field,Number,not measured,,,,,,,"","",,"",""
OpenMethods.License,lookupName,LookupName,standard,false,string,"",255,true,"",The name used to look up the account.,Text(255),not measured,,,,,,,"","",,"",""
OpenMethods.License,createdTime,Date Created,standard,false,string,date-time,,true,"",System Field,Date/Time,not measured,,,,,,,"","",,"",""
OpenMethods.License,updatedTime,Date Last Updated,standard,false,string,date-time,,true,"",System Field,Date/Time,not measured,,,,,,,"","",,"",""
OpenMethods.License,CreatedByAccount,Created By,standard,false,object,"",,true,accounts,System Field,Lookup(User),not measured,,,,,,,"","",,"",""
OpenMethods.License,UpdatedByAccount,Updated By,standard,false,object,"",,true,accounts,System Field,Lookup(User),not measured,,,,,,,"","",,"",""
OpenMethods.License,Account,Account,standard,false,object,"",,false,accounts,"",Lookup(User),not measured,,,,,,,"","",,"",""
OpenMethods.License,License,License,standard,false,string,"",349525,false,"","",Text Area (Long),not measured,,,,,,,"","",,"",""
OpenMethods.License,ProductName,Product Name,standard,false,string,"",255,false,"","",Text(255),not measured,,,,,,,"","",,"",""
Referrals.ReferralLanguages,id,ID,standard,false,integer,"",,false,"",System Field,Number,no records in 48 months,0,0,,,849,,"","",,"",""
Referrals.ReferralLanguages,lookupName,LookupName,standard,false,string,"",255,true,"",The name used to look up the account.,Text(255),no records in 48 months,0,0,,,849,,"","",,"",""
Referrals.ReferralLanguages,createdTime,Date Created,standard,false,string,date-time,,true,"",System Field,Date/Time,no records in 48 months,0,0,,,849,,"","",,"",""
Referrals.ReferralLanguages,updatedTime,UpdatedTime,standard,false,string,date-time,,true,"",The date and time when the account was last updated. This attribute is read-only.,Date/Time,never used,0,0,,,0,,"","",,"",""
Referrals.ReferralLanguages,CreatedByAccount,Created By,standard,false,object,"",,true,accounts,System Field,Lookup(User),no records in 48 months,0,0,,,849,,"","",,"",""
Referrals.ReferralLanguages,Language,Language,standard,true,object,"",,false,Referrals.mReferralLanguage,"",Picklist,no records in 48 months,0,0,,,849,42,English;Spanish;Vietnamese;Cantonese;Laotian;Korean;French;Italian;Slovak;German;Czech;Danish;Hungarian;Hebrew;Dutch;Norwegian;Swedish;Finnish;Chinese;Japanese;Portuguese;Arabic;Russian;Haitian-Creole;Turkish;Chamorro;Chuukese;Hmong;Khmer;Kosraean;Marshallese;Samoan;Thai;Yapese;Tagalog;Polish;Greek;Bangla/Bengali;Hindi;IIocano;Tongan;Urdu,Rows of Referrals.mReferralLanguage,,"",""
Referrals.ReferralLanguages,answer_id,ReferralID,standard,false,object,"",,false,answers,"",Lookup,no records in 48 months,0,0,,,849,,"","",,"",""
Referrals.ReferralQCs,id,ID,standard,false,integer,"",,false,"",System Field,Number,no records in 48 months,0,0,,,741,,"","",,"",""
Referrals.ReferralQCs,lookupName,LookupName,standard,false,string,"",255,true,"",The name used to look up the account.,Text(255),no records in 48 months,0,0,,,741,,"","",,"",""
Referrals.ReferralQCs,createdTime,Date Created,standard,false,string,date-time,,true,"",System Field,Date/Time,no records in 48 months,0,0,,,741,,"","",,"",""
Referrals.ReferralQCs,updatedTime,UpdatedTime,standard,false,string,date-time,,true,"",The date and time when the account was last updated. This attribute is read-only.,Date/Time,never used,0,0,,,0,,"","",,"",""
Referrals.ReferralQCs,CreatedByAccount,Created By,standard,false,object,"",,true,accounts,System Field,Lookup(User),no records in 48 months,0,0,,,741,,"","",,"",""
Referrals.ReferralQCs,LastVerified,LastVerified,standard,false,string,date,,false,"","",Date,no records in 48 months,0,0,,,2,,"","",,"",""
Referrals.ReferralQCs,QCCompletedBy,QCCompletedBy,standard,false,object,"",,false,accounts,"",Lookup(User),no records in 48 months,0,0,,,50,,"","",,"",""
Referrals.ReferralQCs,QCCompletedDate,QCCompletedDate,standard,false,string,date,,false,"","",Date,no records in 48 months,0,0,,,737,,"","",,"",""
Referrals.ReferralQCs,QCNotes,Notes,standard,false,string,"",349525,false,"","",Text Area (Long),no records in 48 months,0,0,,,695,,"","",,"",""
Referrals.ReferralQCs,ReferralQCType,ReferralQCType,standard,true,object,"",,false,Referrals.mReferralQCType,"",Picklist,no records in 48 months,0,0,,,741,3,Approved;Reject;Verification,Rows of Referrals.mReferralQCType,,"",""
Referrals.ReferralQCs,a_id,a_id,standard,false,object,"",,false,answers,"",Lookup,no records in 48 months,0,0,,,737,,"","",,"",""
Referrals.mReferralCountry,id,ID,standard,false,integer,"",,false,"",System Field,Number,not measured,,,,,,,"","",,"",""
Referrals.mReferralCountry,lookupName,LookupName,standard,false,string,"",255,true,"",The name used to look up the account.,Text(255),not measured,,,,,,,"","",,"",""
Referrals.mReferralCountry,createdTime,CreatedTime,standard,false,string,date-time,,true,"",The date and time when the account was created. This attribute is read-only.,Date/Time,not measured,,,,,,,"","",,"",""
Referrals.mReferralCountry,updatedTime,UpdatedTime,standard,false,string,date-time,,true,"",The date and time when the account was last updated. This attribute is read-only.,Date/Time,not measured,,,,,,,"","",,"",""
Referrals.mReferralCountry,DisplayOrder,DisplayOrder,standard,false,integer,"",,false,"",System Field,Number,not measured,,,,,,,"","",,"",""
Referrals.mReferralLanguage,id,ID,standard,false,integer,"",,false,"",System Field,Number,not measured,,,,,,,"","",,"",""
Referrals.mReferralLanguage,lookupName,LookupName,standard,false,string,"",255,true,"",The name used to look up the account.,Text(255),not measured,,,,,,,"","",,"",""
Referrals.mReferralLanguage,createdTime,CreatedTime,standard,false,string,date-time,,true,"",The date and time when the account was created. This attribute is read-only.,Date/Time,not measured,,,,,,,"","",,"",""
Referrals.mReferralLanguage,updatedTime,UpdatedTime,standard,false,string,date-time,,true,"",The date and time when the account was last updated. This attribute is read-only.,Date/Time,not measured,,,,,,,"","",,"",""
Referrals.mReferralLanguage,DisplayOrder,DisplayOrder,standard,false,integer,"",,false,"",System Field,Number,not measured,,,,,,,"","",,"",""
Referrals.mReferralQCType,id,ID,standard,false,integer,"",,false,"",System Field,Number,not measured,,,,,,,"","",,"",""
Referrals.mReferralQCType,lookupName,LookupName,standard,false,string,"",255,true,"",The name used to look up the account.,Text(255),not measured,,,,,,,"","",,"",""
Referrals.mReferralQCType,createdTime,CreatedTime,standard,false,string,date-time,,true,"",The date and time when the account was created. This attribute is read-only.,Date/Time,not measured,,,,,,,"","",,"",""
Referrals.mReferralQCType,updatedTime,UpdatedTime,standard,false,string,date-time,,true,"",The date and time when the account was last updated. This attribute is read-only.,Date/Time,not measured,,,,,,,"","",,"",""
Referrals.mReferralQCType,DisplayOrder,DisplayOrder,standard,false,integer,"",,false,"",System Field,Number,not measured,,,,,,,"","",,"",""
Referrals.mReferralQCType,Name,Name,standard,false,string,"",40,false,"",System Field,Text(40),not measured,,,,,,,"","",,"",""
Referrals.mReferralState,id,ID,standard,false,integer,"",,false,"",System Field,Number,not measured,,,,,,,"","",,"",""
Referrals.mReferralState,lookupName,LookupName,standard,false,string,"",255,true,"",The name used to look up the account.,Text(255),not measured,,,,,,,"","",,"",""
Referrals.mReferralState,createdTime,CreatedTime,standard,false,string,date-time,,true,"",The date and time when the account was created. This attribute is read-only.,Date/Time,not measured,,,,,,,"","",,"",""
Referrals.mReferralState,updatedTime,UpdatedTime,standard,false,string,date-time,,true,"",The date and time when the account was last updated. This attribute is read-only.,Date/Time,not measured,,,,,,,"","",,"",""
Referrals.mReferralState,DisplayOrder,DisplayOrder,standard,false,integer,"",,false,"",System Field,Number,not measured,,,,,,,"","",,"",""
SCIF.SCIF,id,ID,standard,false,integer,"",,false,"",System Field,Number,in use,6765,6765,100.0,,20534,,"","",,"",""
SCIF.SCIF,lookupName,LookupName,standard,false,string,"",255,true,"",The name used to look up the account.,Text(255),in use,6765,6765,100.0,,20534,,"","",,"",""
SCIF.SCIF,createdTime,Date Created,standard,false,string,date-time,,true,"",System Field,Date/Time,in use,6765,6765,100.0,,20534,,"","",,"",""
SCIF.SCIF,updatedTime,Date Last Updated,standard,false,string,date-time,,true,"",System Field,Date/Time,in use,6765,6765,100.0,,20534,,"","",,"",""
SCIF.SCIF,CreatedByAccount,Created By,standard,false,object,"",,true,accounts,System Field,Lookup(User),in use,6765,6765,100.0,,20534,,"","",,"",""
SCIF.SCIF,UpdatedByAccount,Updated By,standard,false,object,"",,true,accounts,System Field,Lookup(User),in use,6765,6765,100.0,,20534,,"","",,"",""
SCIF.SCIF,AfterMeals,After Meals,standard,false,boolean,"",,false,"","",Checkbox,in use,6765,2285,33.8,,6785,,"","",,"",""
SCIF.SCIF,Alcohol,Alcohol,standard,false,boolean,"",,false,"","",Checkbox,in use,6765,788,11.6,,2296,,"","",,"",""
SCIF.SCIF,Anxiety,Anxiety,standard,false,boolean,"",,false,"","",Checkbox,in use,6765,875,12.9,,2850,,"","",,"",""
SCIF.SCIF,AskedFutureMeds,AskedFutureMeds,standard,false,boolean,"",,false,"","",Checkbox,in use,6765,6765,100.0,,17596,,"","",,"",""
SCIF.SCIF,AskedPastMedications,AskedPastMedications,standard,false,boolean,"",,false,"","",Checkbox,in use,6765,6765,100.0,,17705,,"","",,"",""
SCIF.SCIF,AskedSymptoms,AskedSymptoms,standard,true,object,"",,false,SCIF.mStandardYesNo,"",Picklist,in use,6765,6765,100.0,,17712,4,Yes;No;Did not ask;Unsure,Rows of SCIF.mStandardYesNo,2,No;Yes,""
SCIF.SCIF,AskedTriggers,AskedTriggers,standard,true,object,"",,false,SCIF.mStandardYesNo,"",Picklist,in use,6765,6765,100.0,,17546,4,Yes;No;Did not ask;Unsure,Rows of SCIF.mStandardYesNo,2,Yes;No,""
SCIF.SCIF,AverageCigarettesPerDay,AverageCigarettesPerDay,standard,false,integer,"",,false,"","",Number,in use,6765,4925,72.8,,14971,,"","",,"",""
SCIF.SCIF,Boredom,Boredom,standard,false,boolean,"",,false,"","",Checkbox,in use,6765,2045,30.2,,4343,,"","",,"",""
SCIF.SCIF,ChestPain,ChestPain,standard,false,boolean,"",,false,"","",Checkbox,in use,6765,159,2.4,,465,,"","",,"",""
SCIF.SCIF,Chewing,Chewing,standard,false,boolean,"",,false,"","",Checkbox,rare (<1%),6765,15,0.2,,148,,"","",,"",""
SCIF.SCIF,Child,Child,standard,false,boolean,"",,false,"","",Checkbox,rare (<1%),6765,61,0.9,,317,,"","",,"",""
SCIF.SCIF,Cigaretts,Cigarettes,standard,false,boolean,"",,false,"","",Checkbox,in use,6765,418,6.2,,2394,,"","",,"",""
SCIF.SCIF,Cigars,Cigars,standard,false,boolean,"",,false,"","",Checkbox,rare (<1%),6765,15,0.2,,101,,"","",,"",""
SCIF.SCIF,Coffee,Coffee,standard,false,boolean,"",,false,"","",Checkbox,in use,6765,1634,24.2,,4955,,"","",,"",""
SCIF.SCIF,Concentration,Concentration,standard,false,boolean,"",,false,"","",Checkbox,in use,6765,201,3.0,,524,,"","",,"",""
SCIF.SCIF,Consider2NRTCombination,2 NRT Combination,standard,false,boolean,"",,false,"",Not include Buprioprion,Checkbox,in use,6765,1156,17.1,,2463,,"","",,"",""
SCIF.SCIF,ConsiderBupNRTCombination,Bup+NRT Combination,standard,false,boolean,"",,false,"",Any combination including buproprion,Checkbox,in use,6765,444,6.6,,936,,"","",,"",""
SCIF.SCIF,ConsiderBupropionHydrochlorid,ConsiderBupropionHydrochlorid,standard,false,boolean,"",,false,"","",Checkbox,in use,6765,914,13.5,,2229,,"","",,"",""
SCIF.SCIF,ConsiderChantix,ConsiderChantix,standard,false,boolean,"",,false,"","",Checkbox,in use,6765,1419,21.0,,3615,,"","",,"",""
SCIF.SCIF,ConsiderHerbal,ConsiderHerbal,standard,false,boolean,"",,false,"",Not Covered Under VA,Checkbox,in use,6765,208,3.1,,295,,"","",,"",""
SCIF.SCIF,ConsiderInhalers,ConsiderInhalers,standard,false,boolean,"",,false,"",Not Covered Under VA,Checkbox,in use,6765,290,4.3,,494,,"","",,"",""
SCIF.SCIF,ConsiderLozenges,ConsiderLozenges,standard,false,boolean,"",,false,"","",Checkbox,in use,6765,2295,33.9,,5016,,"","",,"",""
SCIF.SCIF,ConsiderNasalSprays,ConsiderNasalSprays,standard,false,boolean,"",,false,"",Not Covered Under VA,Checkbox,in use,6765,267,3.9,,386,,"","",,"",""
SCIF.SCIF,ConsiderOther,ConsiderOther,standard,false,string,"",255,false,"","",Text(255),in use,6765,89,1.3,,285,,"","",,"",""
SCIF.SCIF,ConsiderPatches,ConsiderPatches,standard,false,boolean,"",,false,"","",Checkbox,in use,6765,3335,49.3,,9143,,"","",,"",""
SCIF.SCIF,ConsiderPolacrilexGums,ConsiderPolacrilexGums,standard,false,boolean,"",,false,"","",Checkbox,in use,6765,2110,31.2,,4940,,"","",,"",""
SCIF.SCIF,ConsideringFutureMeds,Will Consider Medications,standard,true,object,"",,false,SCIF.mStandardYesNo,"",Picklist,in use,6765,4459,65.9,,10578,4,Yes;No;Did not ask;Unsure,Rows of SCIF.mStandardYesNo,2,Yes;No,""
SCIF.SCIF,ContactAge,Age,standard,false,string,"",50,false,"","",Text(50),in use,6765,3288,48.6,,12102,,"","",,"",""
SCIF.SCIF,Cravings,Cravings,standard,false,boolean,"",,false,"","",Checkbox,never used,6765,0,0.0,,0,,"","",,"",""
SCIF.SCIF,Driving,Driving,standard,false,boolean,"",,false,"","",Checkbox,in use,6765,1539,22.7,,3874,,"","",,"",""
SCIF.SCIF,Fatigue,Fatigue,standard,false,boolean,"",,false,"","",Checkbox,in use,6765,204,3.0,,485,,"","",,"",""
SCIF.SCIF,FeelingIllSick,Feeling Ill or Sick,standard,false,boolean,"",,false,"","",Checkbox,in use,6765,239,3.5,,672,,"","",,"",""
SCIF.SCIF,FirstCigaretteInterval,First Cigarette Interval,standard,true,object,"",,false,SCIF.mInterval,"",Picklist,in use,6765,1749,25.9,,4849,6,Minutes;Hours;Days;Weeks;Months;Years,Rows of SCIF.mInterval,6,Minutes;Hours;Months;Days;Weeks;Years,""
SCIF.SCIF,FirstCigaretteOfDay,First Cigarette of Day,standard,false,integer,"",,false,"","",Number,in use,6765,1771,26.2,,5043,,"","",,"",""
SCIF.SCIF,Friend,Friend,standard,false,boolean,"",,false,"","",Checkbox,in use,6765,81,1.2,,339,,"","",,"",""
SCIF.SCIF,Gender,Gender,standard,true,object,"",,false,SCIF.mGender,"",Picklist,in use,6765,3114,46.0,,13871,3,Male;Female;Did Not Ask,Rows of SCIF.mGender,3,Male;Female;Did Not Ask,""
SCIF.SCIF,HasStress,Stress,standard,false,boolean,"",,false,"","",Checkbox,in use,6765,878,13.0,,2732,,"","",,"",""
SCIF.SCIF,Headache,Headache,standard,false,boolean,"",,false,"","",Checkbox,never used,6765,0,0.0,,0,,"","",,"",""
SCIF.SCIF,Irratable,"Irratable, Angry Agitated",standard,false,boolean,"",,false,"","",Checkbox,in use,6765,834,12.3,,2735,,"","",,"",""
SCIF.SCIF,LifetimeLongestQuit,LifetimeLongestQuit,standard,false,integer,"",,false,"","",Number,in use,6765,2864,42.3,,8918,,"","",,"",""
SCIF.SCIF,LifetimeQuitAttempts,Life Attempts to Quit,standard,false,integer,"",,false,"","",Number,in use,6765,1137,16.8,,4927,,"","",,"",""
SCIF.SCIF,LongestQuitInterval,Longest Quit Interval,standard,true,object,"",,false,SCIF.mInterval,"",Picklist,in use,6765,414,6.1,,2516,6,Minutes;Hours;Days;Weeks;Months;Years,Rows of SCIF.mInterval,5,Months;Days;Weeks;Hours;Minutes,""
SCIF.SCIF,MentalHealthDisorder,Mental Health Disorder,standard,false,boolean,"",,false,"",Do Not Ask,Checkbox,in use,6765,547,8.1,,2118,,"","",,"",""
SCIF.SCIF,MoodSwingsDepression,Mood Swings or Depression,standard,false,boolean,"",,false,"","",Checkbox,in use,6765,332,4.9,,1144,,"","",,"",""
SCIF.SCIF,MoreThanOnePerson,MoreThanOnePerson,standard,false,boolean,"",,false,"","",Checkbox,never used,6765,0,0.0,,0,,"","",,"",""
SCIF.SCIF,MostImportantReasonToQuit,Most Important Reason to Quit,standard,true,object,"",,false,SCIF.mReasontoQuit,"",Picklist,in use,6765,6540,96.7,,17854,17,Restrictions placed on smokers;Family or friends;To feel more in control of your life;To save money;To improve your health;Because your doctor told you to;Because of your children (grandkids);For a healthy pregnancy;Just tired of smoking;Other;Professionalism/Role model;Religious reasons;Extracurricular activities;Age;Concern about cancer;Dirty/bad habit;Did not ask,Rows of SCIF.mReasontoQuit,17,To improve your health;Just tired of smoking;To save money;Family or friends;Because of your children (grandkids);To feel more in control of your life;Because your doctor told you to;Age;Other;Dirty/bad habit;Concern about cancer;Did not ask;Restrictions placed on smokers;Religious reasons;Professionalism/Role model;For a healthy pregnancy;Extracurricular activities,""
SCIF.SCIF,NervousAnxious,Nervous or Anxious,standard,false,boolean,"",,false,"","",Checkbox,in use,6765,674,10.0,,2267,,"","",,"",""
SCIF.SCIF,NeverTriedQuitting,1st Attempt to Quit,standard,false,boolean,"",,false,"","",Checkbox,in use,6765,2525,37.3,,6029,,"","",,"",""
SCIF.SCIF,NotSure,Not Interested,standard,false,boolean,"",,false,"","",Checkbox,historical only,6765,0,0.0,,360,,"","",,"",""
SCIF.SCIF,OtherHouseholdUsers,Other Household Users,standard,false,boolean,"",,false,"","",Checkbox,in use,6765,1840,27.2,,6877,,"","",,"",""
SCIF.SCIF,OtherPastMedication,OtherPastMedication,standard,false,string,"",255,false,"","",Text(255),rare (<1%),6765,48,0.7,,225,,"","",,"",""
SCIF.SCIF,OtherReasonToQuit,Other Reason to Quit,standard,false,string,"",255,false,"","",Text(255),in use,6765,113,1.7,,290,,"","",,"",""
SCIF.SCIF,OtherSymptoms,Other Symptoms,standard,false,string,"",255,false,"","",Text(255),in use,6765,307,4.5,,1217,,"","",,"",""
SCIF.SCIF,OtherTobaccoUsers,OtherTobaccoUsers,standard,false,boolean,"",,false,"","",Checkbox,in use,6765,1237,18.3,,2110,,"","",,"",""
SCIF.SCIF,OtherTriggers,OtherTriggers,standard,false,string,"",255,false,"","",Text(255),in use,6765,1367,20.2,,5167,,"","",,"",""
SCIF.SCIF,Parent,Parent,standard,false,boolean,"",,false,"","",Checkbox,rare (<1%),6765,44,0.7,,215,,"","",,"",""
SCIF.SCIF,Partner,Partner,standard,false,boolean,"",,false,"","",Checkbox,in use,6765,432,6.4,,1597,,"","",,"",""
SCIF.SCIF,PastYearLongestQuit,PastYearLongestQuit,standard,false,integer,"",,false,"","",Number,in use,6765,574,8.5,,3001,,"","",,"",""
SCIF.SCIF,PastYearQuitAttempts,Past Year Quitting Attempts,standard,false,integer,"",,false,"","",Number,in use,6765,580,8.6,,2685,,"","",,"",""
SCIF.SCIF,PhoneCalls,Phone Calls,standard,false,boolean,"",,false,"","",Checkbox,in use,6765,278,4.1,,733,,"","",,"",""
SCIF.SCIF,Pipes,Pipes,standard,false,boolean,"",,false,"","",Checkbox,rare (<1%),6765,7,0.1,,52,,"","",,"",""
SCIF.SCIF,PositiveInfluence,Positive Infulence,standard,true,object,"",,false,SCIF.mPositiveInf,"",Picklist,never used,6765,0,0.0,,0,14,Your spouse;Your friend (neighbors);Your Partner;Your boss or co-worker;Your parent;Your child (grandkids);Health Professional;Other;No one;Don’t know;Church leader/member;Self;Extended family;Did not ask,Rows of SCIF.mPositiveInf,,"",""
SCIF.SCIF,Pregnant,Pregnant,standard,true,object,"",,false,SCIF.mStandardYesNo,"",Picklist,in use,6765,181,2.7,,1977,4,Yes;No;Did not ask;Unsure,Rows of SCIF.mStandardYesNo,4,Did not ask;No;Yes;Unsure,""
SCIF.SCIF,PrimaryTobaccoUsed,PrimaryTobaccoUsed,standard,true,object,"",,false,SCIF.tobaccoused,"",Picklist,in use,6765,6764,100.0,,13774,8,"Cigarettes;Cigars, Cigarillos, or Little Cigars;Pipes;Chewing Tobacco, Snuff, or Dip;Marijuana;E-cigs;Hookah;Other Tobacco",Rows of SCIF.tobaccoused,8,"Cigarettes;E-cigs;Chewing Tobacco, Snuff, or Dip;Cigars, Cigarillos, or Little Cigars;Other Tobacco;Pipes;Marijuana;Hookah",""
SCIF.SCIF,QuitDate,Quit Date,standard,false,string,date,,false,"","",Date,in use,6765,4801,71.0,,12133,,"","",,"",""
SCIF.SCIF,Quit_InterestedInQuitting,Quit/Interestedwithin30days,standard,true,object,"",,false,SCIF.mStandardYesNo,"",Picklist,in use,6765,6765,100.0,,19067,4,Yes;No;Did not ask;Unsure,Rows of SCIF.mStandardYesNo,2,Yes;No,""
SCIF.SCIF,QuittingConfidence,Confidence in Quitting,standard,true,object,"",,false,SCIF.mQuitConfidence,"",Picklist,in use,6765,3639,53.8,,9732,5,Very Confident;Not Confident at All;Somewhat Confident;Confident;Neutral,Rows of SCIF.mQuitConfidence,5,Very Confident;Somewhat Confident;Neutral;Confident;Not Confident at All,""
SCIF.SCIF,Sadness,Sadness,standard,false,boolean,"",,false,"","",Checkbox,in use,6765,370,5.5,,1114,,"","",,"",""
SCIF.SCIF,SecondaryOtherReasonToQuit,SecondaryOtherReasonToQuit,standard,false,string,"",255,false,"","",Text(255),in use,6765,137,2.0,,339,,"","",,"",""
SCIF.SCIF,SecondaryReasonToQuit,Secondary Reason to Quit,standard,true,object,"",,false,SCIF.mReasontoQuit,"",Picklist,in use,6765,3663,54.1,,11568,17,Restrictions placed on smokers;Family or friends;To feel more in control of your life;To save money;To improve your health;Because your doctor told you to;Because of your children (grandkids);For a healthy pregnancy;Just tired of smoking;Other;Professionalism/Role model;Religious reasons;Extracurricular activities;Age;Concern about cancer;Dirty/bad habit;Did not ask,Rows of SCIF.mReasontoQuit,17,To save money;To improve your health;Family or friends;Because of your children (grandkids);Just tired of smoking;To feel more in control of your life;Dirty/bad habit;Other;Because your doctor told you to;Age;Concern about cancer;Restrictions placed on smokers;Professionalism/Role model;Religious reasons;Extracurricular activities;For a healthy pregnancy;Did not ask,""
SCIF.SCIF,Shakes,Shakes,standard,false,boolean,"",,false,"","",Checkbox,in use,6765,200,3.0,,480,,"","",,"",""
SCIF.SCIF,Snuff,Snuff,standard,false,boolean,"",,false,"","",Checkbox,rare (<1%),6765,4,0.1,,49,,"","",,"",""
SCIF.SCIF,Spouse,Spouse,standard,false,boolean,"",,false,"","",Checkbox,never used,6765,0,0.0,,0,,"","",,"",""
SCIF.SCIF,StartingAge,Starting Age,standard,false,integer,"",,false,"",At what age did you first start smoking?,Number,in use,6765,1617,23.9,,7173,,"","",,"",""
SCIF.SCIF,SubstanceUseDisorder,Substance Use Disorder,standard,false,boolean,"",,false,"",In Treatment-Do not ask,Checkbox,in use,6765,447,6.6,,1726,,"","",,"",""
SCIF.SCIF,SuccessfulQuittingInterval,Successful Quitting Interval,standard,true,object,"",,false,SCIF.mInterval,"",Picklist,in use,6765,2831,41.8,,8652,6,Minutes;Hours;Days;Weeks;Months;Years,Rows of SCIF.mInterval,6,Years;Months;Weeks;Days;Hours;Minutes,""
SCIF.SCIF,SymptomNightmares,Nightmares,standard,false,boolean,"",,false,"","",Checkbox,in use,6765,162,2.4,,292,,"","",,"",""
SCIF.SCIF,SymptomSubstanceAbuse,Substance Abuse,standard,false,boolean,"",,false,"","",Checkbox,never used,6765,0,0.0,,0,,"","",,"",""
SCIF.SCIF,SymtpomIntrusiveThoughts,Intrusive Thoughts,standard,false,boolean,"",,false,"","",Checkbox,in use,6765,184,2.7,,386,,"","",,"",""
SCIF.SCIF,TiredFatigued,Tired or Fatigued,standard,false,boolean,"",,false,"","",Checkbox,in use,6765,210,3.1,,562,,"","",,"",""
SCIF.SCIF,TriggerIntrusiveThoughts,IntrusiveThoughts,standard,false,boolean,"",,false,"","",Checkbox,historical only,6765,0,0.0,,213,,"","",,"",""
SCIF.SCIF,TriggerNightmares,Nightmares,standard,false,boolean,"",,false,"","",Checkbox,in use,6765,184,2.7,,341,,"","",,"",""
SCIF.SCIF,TriggerOtherSubstanceAbuse,Other Substance Abuse,standard,false,boolean,"",,false,"","",Checkbox,in use,6765,194,2.9,,406,,"","",,"",""
SCIF.SCIF,TriggerStress,Stress,standard,false,boolean,"",,false,"","",Checkbox,in use,6765,2894,42.8,,8370,,"","",,"",""
SCIF.SCIF,TroubleSleeping,Trouble Sleeping,standard,false,boolean,"",,false,"","",Checkbox,in use,6765,202,3.0,,492,,"","",,"",""
SCIF.SCIF,Used2NRTCombination,2 NRT Combination,standard,false,boolean,"",,false,"","",Checkbox,in use,6765,422,6.2,,848,,"","",,"",""
SCIF.SCIF,UsedBupNRTCombination,Bup+NRT Combination,standard,false,boolean,"",,false,"","",Checkbox,in use,6765,240,3.5,,411,,"","",,"",""
SCIF.SCIF,UsedBupropionHydrochloride,UsedBupropionHydrochloride,standard,false,boolean,"",,false,"","",Checkbox,in use,6765,632,9.3,,1646,,"","",,"",""
SCIF.SCIF,UsedChantix,UsedChantix,standard,false,boolean,"",,false,"","",Checkbox,in use,6765,1052,15.6,,3004,,"","",,"",""
SCIF.SCIF,UsedHerbal,UsedHerbal,standard,false,boolean,"",,false,"","",Checkbox,in use,6765,188,2.8,,286,,"","",,"",""
SCIF.SCIF,UsedInhalers,UsedInhalers,standard,false,boolean,"",,false,"","",Checkbox,in use,6765,222,3.3,,395,,"","",,"",""
SCIF.SCIF,UsedLozenges,UsedLozenges,standard,false,boolean,"",,false,"","",Checkbox,in use,6765,1091,16.1,,2629,,"","",,"",""
SCIF.SCIF,UsedMedicationInPast,Used Medication in Past,standard,true,object,"",,false,SCIF.mStandardYesNo,"",Picklist,never used,6765,0,0.0,,0,4,Yes;No;Did not ask;Unsure,Rows of SCIF.mStandardYesNo,,"",""
SCIF.SCIF,UsedMedicineinPast,UsedMedicineinPast,standard,false,boolean,"",,false,"","",Checkbox,in use,6765,3894,57.6,,9792,,"","",,"",""
SCIF.SCIF,UsedNasalSprays,UsedNasalSprays,standard,false,boolean,"",,false,"","",Checkbox,in use,6765,199,2.9,,310,,"","",,"",""
SCIF.SCIF,UsedPatches,UsedPatches,standard,false,boolean,"",,false,"","",Checkbox,in use,6765,2612,38.6,,7835,,"","",,"",""
SCIF.SCIF,UsedPolacrilexGums,UsedPolacrilexGums,standard,false,boolean,"",,false,"","",Checkbox,in use,6765,1471,21.7,,3801,,"","",,"",""
SCIF.SCIF,WatchingTV,Watching TV,standard,false,boolean,"",,false,"","",Checkbox,in use,6765,430,6.4,,1237,,"","",,"",""
SCIF.SCIF,WeightGain,Weight Gain,standard,false,boolean,"",,false,"","",Checkbox,in use,6765,197,2.9,,517,,"","",,"",""
SCIF.SCIF,WorkBreaks,WorkBreaks,standard,false,boolean,"",,false,"","",Checkbox,in use,6765,779,11.5,,2300,,"","",,"",""
SCIF.SCIF,i_id,Incident ID,standard,false,object,"",,false,incidents,"",Lookup,in use,6765,6702,99.1,,20307,,"","",,"",""
SCIF.mGender,id,ID,standard,false,integer,"",,false,"",System Field,Number,not measured,,,,,,,"","",,"",""
SCIF.mGender,lookupName,LookupName,standard,false,string,"",255,true,"",The name used to look up the account.,Text(255),not measured,,,,,,,"","",,"",""
SCIF.mGender,createdTime,CreatedTime,standard,false,string,date-time,,true,"",The date and time when the account was created. This attribute is read-only.,Date/Time,not measured,,,,,,,"","",,"",""
SCIF.mGender,updatedTime,UpdatedTime,standard,false,string,date-time,,true,"",The date and time when the account was last updated. This attribute is read-only.,Date/Time,not measured,,,,,,,"","",,"",""
SCIF.mGender,DisplayOrder,DisplayOrder,standard,false,integer,"",,false,"",System Field,Number,not measured,,,,,,,"","",,"",""
SCIF.mInterval,id,ID,standard,false,integer,"",,false,"",System Field,Number,not measured,,,,,,,"","",,"",""
SCIF.mInterval,lookupName,LookupName,standard,false,string,"",255,true,"",The name used to look up the account.,Text(255),not measured,,,,,,,"","",,"",""
SCIF.mInterval,createdTime,CreatedTime,standard,false,string,date-time,,true,"",The date and time when the account was created. This attribute is read-only.,Date/Time,not measured,,,,,,,"","",,"",""
SCIF.mInterval,updatedTime,UpdatedTime,standard,false,string,date-time,,true,"",The date and time when the account was last updated. This attribute is read-only.,Date/Time,not measured,,,,,,,"","",,"",""
SCIF.mInterval,DisplayOrder,DisplayOrder,standard,false,integer,"",,false,"",System Field,Number,not measured,,,,,,,"","",,"",""
SCIF.mPositiveInf,id,ID,standard,false,integer,"",,false,"",System Field,Number,not measured,,,,,,,"","",,"",""
SCIF.mPositiveInf,lookupName,LookupName,standard,false,string,"",255,true,"",The name used to look up the account.,Text(255),not measured,,,,,,,"","",,"",""
SCIF.mPositiveInf,createdTime,CreatedTime,standard,false,string,date-time,,true,"",The date and time when the account was created. This attribute is read-only.,Date/Time,not measured,,,,,,,"","",,"",""
SCIF.mPositiveInf,updatedTime,UpdatedTime,standard,false,string,date-time,,true,"",The date and time when the account was last updated. This attribute is read-only.,Date/Time,not measured,,,,,,,"","",,"",""
SCIF.mPositiveInf,DisplayOrder,DisplayOrder,standard,false,integer,"",,false,"",System Field,Number,not measured,,,,,,,"","",,"",""
SCIF.mQuitConfidence,id,ID,standard,false,integer,"",,false,"",System Field,Number,not measured,,,,,,,"","",,"",""
SCIF.mQuitConfidence,lookupName,LookupName,standard,false,string,"",255,true,"",The name used to look up the account.,Text(255),not measured,,,,,,,"","",,"",""
SCIF.mQuitConfidence,createdTime,CreatedTime,standard,false,string,date-time,,true,"",The date and time when the account was created. This attribute is read-only.,Date/Time,not measured,,,,,,,"","",,"",""
SCIF.mQuitConfidence,updatedTime,UpdatedTime,standard,false,string,date-time,,true,"",The date and time when the account was last updated. This attribute is read-only.,Date/Time,not measured,,,,,,,"","",,"",""
SCIF.mQuitConfidence,DisplayOrder,DisplayOrder,standard,false,integer,"",,false,"",System Field,Number,not measured,,,,,,,"","",,"",""
SCIF.mReasontoQuit,id,ID,standard,false,integer,"",,false,"",System Field,Number,not measured,,,,,,,"","",,"",""
SCIF.mReasontoQuit,lookupName,LookupName,standard,false,string,"",255,true,"",The name used to look up the account.,Text(255),not measured,,,,,,,"","",,"",""
SCIF.mReasontoQuit,createdTime,CreatedTime,standard,false,string,date-time,,true,"",The date and time when the account was created. This attribute is read-only.,Date/Time,not measured,,,,,,,"","",,"",""
SCIF.mReasontoQuit,updatedTime,UpdatedTime,standard,false,string,date-time,,true,"",The date and time when the account was last updated. This attribute is read-only.,Date/Time,not measured,,,,,,,"","",,"",""
SCIF.mReasontoQuit,DisplayOrder,DisplayOrder,standard,false,integer,"",,false,"",System Field,Number,not measured,,,,,,,"","",,"",""
SCIF.mStandardYesNo,id,ID,standard,false,integer,"",,false,"",System Field,Number,not measured,,,,,,,"","",,"",""
SCIF.mStandardYesNo,lookupName,LookupName,standard,false,string,"",255,true,"",The name used to look up the account.,Text(255),not measured,,,,,,,"","",,"",""
SCIF.mStandardYesNo,createdTime,CreatedTime,standard,false,string,date-time,,true,"",The date and time when the account was created. This attribute is read-only.,Date/Time,not measured,,,,,,,"","",,"",""
SCIF.mStandardYesNo,updatedTime,UpdatedTime,standard,false,string,date-time,,true,"",The date and time when the account was last updated. This attribute is read-only.,Date/Time,not measured,,,,,,,"","",,"",""
SCIF.mStandardYesNo,DisplayOrder,DisplayOrder,standard,false,integer,"",,false,"",System Field,Number,not measured,,,,,,,"","",,"",""
SCIF.tobaccoused,id,ID,standard,false,integer,"",,false,"",System Field,Number,not measured,,,,,,,"","",,"",""
SCIF.tobaccoused,lookupName,LookupName,standard,false,string,"",255,true,"",The name used to look up the account.,Text(255),not measured,,,,,,,"","",,"",""
SCIF.tobaccoused,createdTime,CreatedTime,standard,false,string,date-time,,true,"",The date and time when the account was created. This attribute is read-only.,Date/Time,not measured,,,,,,,"","",,"",""
SCIF.tobaccoused,updatedTime,UpdatedTime,standard,false,string,date-time,,true,"",The date and time when the account was last updated. This attribute is read-only.,Date/Time,not measured,,,,,,,"","",,"",""
SCIF.tobaccoused,DisplayOrder,DisplayOrder,standard,false,integer,"",,false,"",System Field,Number,not measured,,,,,,,"","",,"",""
SCIF.tobaccoused,Name,Name,standard,false,string,"",40,false,"",System Field,Text(40),not measured,,,,,,,"","",,"",""
accountGroups,id,ID,standard,false,integer,"",,true,"",The unique identifier of the account group.,Number,not measured,,,,,,,"","",,"",""
accountGroups,lookupName,LookupName,standard,false,string,"",255,true,"",The name used to look up the account group.,Text(255),not measured,,,,,,,"","",,"",""
accountGroups,createdTime,CreatedTime,standard,false,string,date-time,,true,"",The date and time when the account group was created. This attribute is read-only.,Date/Time,not measured,,,,,,,"","",,"",""
accountGroups,updatedTime,UpdatedTime,standard,false,string,date-time,,true,"",The date and time when the account group was last updated. This attribute is read-only.,Date/Time,not measured,,,,,,,"","",,"",""
accountGroups,displayOrder,DisplayOrder,standard,false,integer,"",,false,"",The order in which this account group is displayed relative to other members of the same group.,Number,not measured,,,,,,,"","",,"",""
accountGroups,name,Name,standard,false,string,"",80,true,"",Name of the account group in the language of the current interface. This attribute is read-only.,Text(80),not measured,,,,,,,"","",,"",""
accounts,id,ID,standard,false,integer,"",,true,"",The unique identifier of the account.,Number,not measured,,,,,,,"","",,"",""
accounts,lookupName,LookupName,standard,false,string,"",255,true,"",The name used to look up the account.,Text(255),not measured,,,,,,,"","",,"",""
accounts,createdTime,CreatedTime,standard,false,string,date-time,,true,"",The date and time when the account was created. This attribute is read-only.,Date/Time,not measured,,,,,,,"","",,"",""
accounts,updatedTime,UpdatedTime,standard,false,string,date-time,,true,"",The date and time when the account was last updated. This attribute is read-only.,Date/Time,not measured,,,,,,,"","",,"",""
accounts,accountHierarchy,AccountHierarchy,standard,true,array,"",,true,accounts,The hierarchy of managers for the staff member. This attribute is read-only.,Picklist,not measured,,,,,,,"",Values are staff accounts and are not published,,"",""
accounts,country,Country,standard,true,object,"",,false,countries,The default country identifier.,Picklist,not measured,,,,,,1,US,Rows of countries,,"",""
accounts,displayName,DisplayName,standard,false,string,"",80,false,"",The display name of the account.,Text(80),not measured,,,,,,,"","",,"",""
accounts,displayOrder,DisplayOrder,standard,false,integer,"",,false,"",The order in which this staff account is displayed relative to other members of the same group.,Number,not measured,,,,,,,"","",,"",""
accounts,emailNotification,EmailNotification,standard,true,object,"",,false,emailNotification,The format the staff member prefers for email notifications.,Picklist,not measured,,,,,,3,Send Email Notification;Send Detailed Email Notification;Notify Always,This field's own list,,"",""
accounts,login,Login,standard,false,string,"",255,false,"",The user name used for authentication.,Text(255),not measured,,,,,,,"","",,"",""
accounts,manager,Manager,standard,false,object,"",,false,accounts,The manager of the staff member.,Lookup(User),not measured,,,,,,,"","",,"",""
accounts,newPassword,NewPassword,standard,false,string,"",20,false,"",The new password for authentication. It is stored with a one-way encryption in the system. This attribute is write-only.,Text(20),not measured,,,,,,,"","",,"",""
accounts,notificationPending,NotificationPending,standard,false,boolean,"",,true,"",Indicates whether any notifications are pending. This attribute does not have a default value and is read-only.,Checkbox,not measured,,,,,,,"","",,"",""
accounts,passwordExpirationTime,PasswordExpirationTime,standard,false,string,date-time,,true,"",The date and time when the password is set to expire. This attribute is read-only.,Date/Time,not measured,,,,,,,"","",,"",""
accounts,profile,Profile,standard,true,object,"",,false,profile,The profile to which the staff account is assigned.,Picklist,not measured,,,,,,40,Site Administrator;Calls Only;Email Only;Calls + Single Chat Smoking;RM/Office Admin;ONE;Program Office;Contact Center Manager;Telephony Administrator;Site Administrator w/o Chat;Supervisor - Generic;Calls + Dual Chat Cancer/Sm;Calls + Dual Chat Ca/Sm+KB;OD Email Only;BilingualCalls+Dual Chat Cancer/Sm+Distr;SOAP API;Supervisor + KB+Chat;Oracle Test Admin (do not use);Bilingual Calls+Dual Chat Ca/Sm+KB;Bilingual Calls + Dual Chat Cancer/Sm;Bilingual Supervisor + KB+Chat;Spanish Dual Chat Cancer/SM;Bilingual Calls + Dual Chat Cancer+EngSM;Enhanced Supervisor;zORACLE - of Calls + Dual Chat Cancer/Sm;Calls + Dual Chat Cancer Only (UAT);Calls + Dual Chat Ca/Sm/CT+KB;Bilingual Calls+Dual Chat Ca/Sm/CT+ KB;Bilingual Calls+Dual Chat Ca+KB;Bilingual Calls+Dual Chat Sm+EngCa;OM Test Profile;Dual Chat CT Only;UAT Calls + Dual Chat Cancer/Sm;UAT BilingualCalls + DualChatCa/Sm/CT+KB;Copy of SOAP API;Bilingual Enhanced Supervisor;UAT Calls + DualChatCa/Sm/CT+KB;Bilingual Calls + Single Chat Smoking;Calls + Single Chat Cancer;SystemAccess,This field's own list,,"",""
accounts,signature,Signature,standard,false,string,"",1333,false,"",The email signature of the account.,Text Area (Long),not measured,,,,,,,"","",,"",""
accounts,staffGroup,StaffGroup,standard,true,object,"",,false,staffGroup,The group to which the staff member is assigned.,Picklist,not measured,,,,,,8,RightNow;Supervisors;Technical;NCI;Information Specialists;Remote Monitors;OD;special group,This field's own list,,"",""
analyticsReports,id,ID,standard,false,integer,"",,true,"",The unique identifier of the analytics report definition.,Number,not measured,,,,,,,"","",,"",""
analyticsReports,lookupName,LookupName,standard,false,string,"",255,true,"",The name used to look up the analytics report definition.,Text(255),not measured,,,,,,,"","",,"",""
analyticsReports,createdTime,CreatedTime,standard,false,string,date-time,,true,"",The date and time when the analytics report was created. This attribute is read-only.,Date/Time,not measured,,,,,,,"","",,"",""
analyticsReports,updatedTime,UpdatedTime,standard,false,string,date-time,,true,"",The date and time when the analytics report was last updated. This attribute is read-only.,Date/Time,not measured,,,,,,,"","",,"",""
analyticsReports,name,Name,standard,false,string,"",80,true,"",The name of the report in the language of the current interface. This attribute is read-only.,Text(80),not measured,,,,,,,"","",,"",""
answerVersions,id,ID,standard,false,integer,"",,true,"",The unique identifier of the answer version.,Number,not measured,,,,,,,"","",,"",""
answerVersions,lookupName,LookupName,standard,false,string,"",255,true,"",The name used to look up the answer version.,Text(255),not measured,,,,,,,"","",,"",""
answerVersions,createdTime,CreatedTime,standard,false,string,date-time,,true,"",The date and time when the answer version was created. This attribute is read-only.,Date/Time,not measured,,,,,,,"","",,"",""
answerVersions,updatedTime,UpdatedTime,standard,false,string,date-time,,true,"",The date and time when the answer version was last updated. This attribute is read-only.,Date/Time,not measured,,,,,,,"","",,"",""
answerVersions,accessLevels,AccessLevels,standard,true,array,"",,false,accessLevels,"The list of access levels, which determine the end users that can view this version of the answer.",Picklist,not measured,,,,,,2,Everyone;Help,Same list as answers.accessLevels,,"",""
answerVersions,adminLastAccessTime,AdminLastAccessTime,standard,false,string,date-time,,true,"",The date and time when the answer version was last accessed by an administrator. This attribute is read-only.,Date/Time,not measured,,,,,,,"","",,"",""
answerVersions,answer,Answer,standard,false,object,"",,true,answers,The live answer related to this answer version.,Lookup,not measured,,,,,,,"","",,"",""
answerVersions,answerType,AnswerType,standard,true,object,"",,false,answerType,The type of storage for answer version information.,Picklist,not measured,,,,,,3,HTML;URL;File Attachment,Same list as answers.answerType,,"",""
answerVersions,categories,Categories,standard,true,array,"",,false,serviceCategories,The categories common to all sibling answers.,Picklist,not measured,,,,,,29,NCI-Designated Cancer Centers;Breast (Mammograms);Templates;Appreciation;Screening;Cervical;Empathy;Rejection;Colon;Referrals to HP/Treatment Facility;Standard Language;Clarification;Financial Assistance:Health/Medical;Disclaimers;Financial Assistance: Non-Medical;Resource Specific;Support: Psychosocial;Clinical Trials;HPV;Technical Problems;State Organizations;Links;International;CAM;Tobacco Cessation;Childhood;Announcements/In The News;PIQ Email Library;PIQ Standard Text,Rows of serviceCategories,,"",""
answerVersions,expiresDate,ExpiresDate,standard,false,string,date,,false,"",The date when the answer version expires and is set to review status.,Date,not measured,,,,,,,"","",,"",""
answerVersions,guidedAssistance,GuidedAssistance,standard,true,object,"",,true,guidedAssistance,The Guided Assistance guide.,Picklist,not measured,,,,,,,"",No values defined in Oracle,,"",""
answerVersions,keywords,Keywords,standard,false,string,"",1333,false,"",The list of space separated keywords associated with an answer version.,Text Area (Long),not measured,,,,,,,"","",,"",""
answerVersions,language,Language,standard,true,object,"",,false,language,The language used for the answer text.,Picklist,not measured,,,,,,2,en_US;es_ES,Same list as answers.language,,"",""
answerVersions,lastAccessTime,LastAccessTime,standard,false,string,date-time,,true,"",The date and time when the answer version was last accessed. This attribute is read-only.,Date/Time,not measured,,,,,,,"","",,"",""
answerVersions,lastNotificationTime,LastNotificationTime,standard,false,string,date-time,,true,"",The date and time when the last notification was generated. This attribute is read-only.,Date/Time,not measured,,,,,,,"","",,"",""
answerVersions,name,Name,standard,false,string,"",20,true,"","The string version of the answer ID, which is used as the reference number of the answer version. This attribute is read-only.",Text(20),not measured,,,,,,,"","",,"",""
answerVersions,nextNotificationTime,NextNotificationTime,standard,false,string,date-time,,false,"",The date and time when the next notification will be sent.,Date/Time,not measured,,,,,,,"","",,"",""
answerVersions,originalReferenceNumber,OriginalReferenceNumber,standard,false,string,"",13,false,"",The reference number of the incident that was proposed to create this answer. The reference number is common for all the sibling answers.,Text(13),not measured,,,,,,,"","",,"",""
answerVersions,positionInList,PositionInList,standard,true,object,"",,false,positionInList,This attribute is used to initialize and/or force this answer to a particular ranking in the search results.,Picklist,not measured,,,,,,7,Historical Usefulness;Place at Bottom;Place at Middle;Place at Top;Fix at Bottom;Fix at Middle;Fix at Top,Same list as answers.positionInList,,"",""
answerVersions,products,Products,standard,true,array,"",,false,serviceProducts,The products common to all sibling answers.,Picklist,not measured,,,,,,7,Knowledge;National Organizations;Referral;Standard Response;Internal Information;PIQ;OD,Rows of serviceProducts,,"",""
answerVersions,publishOnDate,PublishOnDate,standard,false,string,date,,false,"",The date when the answer version will be published and made available to users.,Date,not measured,,,,,,,"","",,"",""
answerVersions,question,Question,standard,false,string,"",1048576,false,"",The question or the description of the answer version.,Text Area (Long),not measured,,,,,,,"","",,"",""
answerVersions,solution,Solution,standard,false,string,"",1048576,false,"",The solution or the answer portion of this version of the answer.,Text Area (Long),not measured,,,,,,,"","",,"",""
answerVersions,specialResponse,SpecialResponse,standard,false,string,"",1048576,false,"",The special response of this version of the answer.,Text Area (Long),not measured,,,,,,,"","",,"",""
answerVersions,summary,Summary,standard,false,string,"",240,false,"",The title or short summary of the answer version.,Text(240),not measured,,,,,,,"","",,"",""
answerVersions,updatedByAccount,UpdatedByAccount,standard,false,object,"",,true,accounts,The staff account who last edited the answer version. This attribute is read-only.,Lookup(User),not measured,,,,,,,"","",,"",""
answerVersions,uRL,URL,standard,false,string,"",1333,false,"","The URL which returns this version of the answer, if the answer type is URL.",Text Area (Long),not measured,,,,,,,"","",,"",""
answers,id,ID,standard,false,integer,"",,true,"",The unique identifier of the answer.,Number,not measured,,,,,,,"","",,"",""
answers,lookupName,LookupName,standard,false,string,"",255,true,"",The name used to look up the answer.,Text(255),not measured,,,,,,,"","",,"",""
answers,createdTime,CreatedTime,standard,false,string,date-time,,true,"",The date and time when the answer was created. This attribute is read-only.,Date/Time,not measured,,,,,,,"","",,"",""
answers,updatedTime,UpdatedTime,standard,false,string,date-time,,true,"",The date and time when the answer was last updated. This attribute is read-only.,Date/Time,not measured,,,,,,,"","",,"",""
answers,accessLevels,AccessLevels,standard,true,array,"",,false,accessLevels,"The list of access levels, which determine the end users that can view the answer.",Picklist,not measured,,,,,,2,Everyone;Help,This field's own list,,"",""
answers,adminLastAccessTime,AdminLastAccessTime,standard,false,string,date-time,,true,"",The date and time when the answer was last accessed by an administrator. This attribute is read-only.,Date/Time,not measured,,,,,,,"","",,"",""
answers,answerType,AnswerType,standard,true,object,"",,false,answerTypes,The type of storage for answer information.,Picklist,not measured,,,,,,3,HTML;URL;File Attachment,This field's own list,,"",""
answers,answerVersion,AnswerVersion,standard,false,object,"",,true,answerVersions,The versioned instance of the answer. This attribute is read-only.,Lookup,not measured,,,,,,,"","",,"",""
answers,assignedSibling,AssignedSibling,standard,false,object,"",,false,answers,Another answer with which this answer should be associated.,Lookup,not measured,,,,,,,"","",,"",""
answers,categories,Categories,standard,true,array,"",,false,serviceCategories,The hierarchical service category.,Picklist,not measured,,,,,,29,NCI-Designated Cancer Centers;Breast (Mammograms);Templates;Appreciation;Screening;Cervical;Empathy;Rejection;Colon;Referrals to HP/Treatment Facility;Standard Language;Clarification;Financial Assistance:Health/Medical;Disclaimers;Financial Assistance: Non-Medical;Resource Specific;Support: Psychosocial;Clinical Trials;HPV;Technical Problems;State Organizations;Links;International;CAM;Tobacco Cessation;Childhood;Announcements/In The News;PIQ Email Library;PIQ Standard Text,Rows of serviceCategories,,"",""
answers,expiresDate,ExpiresDate,standard,false,string,date,,false,"",The date when the answer expires and is set to review status.,Date,not measured,,,,,,,"","",,"",""
answers,guidedAssistance,GuidedAssistance,standard,true,object,"",,true,guidedAssistance,The Guided Assistance guide.,Picklist,not measured,,,,,,,"",No values defined in Oracle,,"",""
answers,keywords,Keywords,standard,false,string,"",1333,false,"",The list of space separated keywords associated with an answer.,Text Area (Long),not measured,,,,,,,"","",,"",""
answers,language,Language,standard,true,object,"",,false,language,The language used for the answer text.,Picklist,not measured,,,,,,2,en_US;es_ES,This field's own list,,"",""
answers,lastAccessTime,LastAccessTime,standard,false,string,date-time,,true,"",The date and time when the answer was last accessed. This attribute is read-only.,Date/Time,not measured,,,,,,,"","",,"",""
answers,lastNotificationTime,LastNotificationTime,standard,false,string,date-time,,true,"",The date and time when the last notification was generated. This attribute is read-only.,Date/Time,not measured,,,,,,,"","",,"",""
answers,name,Name,standard,false,string,"",20,true,"","The string version of the answer ID, which is used as the reference number of the answer. This attribute is read-only.",Text(20),not measured,,,,,,,"","",,"",""
answers,nextNotificationTime,NextNotificationTime,standard,false,string,date-time,,false,"",The date and time when the next earliest notification will be sent.,Date/Time,not measured,,,,,,,"","",,"",""
answers,originalReferenceNumber,OriginalReferenceNumber,standard,false,string,"",13,false,"",The reference number of the incident that was proposed to create this answer. The reference number is common for all the sibling answers.,Text(13),not measured,,,,,,,"","",,"",""
answers,positionInList,PositionInList,standard,true,object,"",,false,positionInList,This attribute is used to initialize and/or force this answer to a particular ranking in the search results.,Picklist,not measured,,,,,,7,Historical Usefulness;Place at Bottom;Place at Middle;Place at Top;Fix at Bottom;Fix at Middle;Fix at Top,This field's own list,,"",""
answers,products,Products,standard,true,array,"",,false,serviceProducts,The products common to all sibling answers.,Picklist,not measured,,,,,,7,Knowledge;National Organizations;Referral;Standard Response;Internal Information;PIQ;OD,Rows of serviceProducts,,"",""
answers,publishOnDate,PublishOnDate,standard,false,string,date,,false,"",The date when the answer will be published and made available to users.,Date,not measured,,,,,,,"","",,"",""
answers,question,Question,standard,false,string,"",1048576,false,"",The question or the description of the answer.,Text Area (Long),not measured,,,,,,,"","",,"",""
answers,siblingAnswers,SiblingAnswers,standard,false,array,"",,true,answers,The sibling answers with which this answer is associated. This attribute is read-only.,Lookup,not measured,,,,,,,"","",,"",""
answers,solution,Solution,standard,false,string,"",1048576,false,"",The solution or the answer portion of the answer.,Text Area (Long),not measured,,,,,,,"","",,"",""
answers,specialResponse,SpecialResponse,standard,false,string,"",1048576,false,"",The special response of the answer.,Text Area (Long),not measured,,,,,,,"","",,"",""
answers,summary,Summary,standard,false,string,"",240,false,"",The title or short summary of the answer.,Text(240),not measured,,,,,,,"","",,"",""
answers,updatedByAccount,UpdatedByAccount,standard,false,object,"",,true,accounts,The staff account who last edited the answer. This attribute is read-only.,Lookup(User),not measured,,,,,,,"","",,"",""
answers,uRL,URL,standard,false,string,"",1333,false,"","The URL which returns the answer, if the answer type is URL.",Text Area (Long),not measured,,,,,,,"","",,"",""
channelTypes,id,ID,standard,false,integer,"",,true,"",The unique identifier of the channel type.,Number,not measured,,,,,,,"","",,"",""
channelTypes,lookupName,LookupName,standard,false,string,"",255,true,"",The name used to look up the channel type.,Text(255),not measured,,,,,,,"","",,"",""
channelTypes,createdTime,CreatedTime,standard,false,string,date-time,,true,"",The date and time when the channel type was created. This attribute is read-only.,Date/Time,not measured,,,,,,,"","",,"",""
channelTypes,updatedTime,UpdatedTime,standard,false,string,date-time,,true,"",The date and time when the channel type was last updated. This attribute is read-only.,Date/Time,not measured,,,,,,,"","",,"",""
channelTypes,contactVisibility,ContactVisibility,standard,false,boolean,"",,true,"",Indicates whether the channel is available in the ChannelUsername collection. This attribute does not have a default value and is read-only.,Checkbox,not measured,,,,,,,"","",,"",""
channelTypes,displayOrder,DisplayOrder,standard,false,integer,"",,true,"",The position of the channel type in the list of channels.,Number,not measured,,,,,,,"","",,"",""
channelTypes,name,Name,standard,false,string,"",80,true,"",The name of the channel type in the language of the current interface. This attribute is read-only.,Text(80),not measured,,,,,,,"","",,"",""
chats,id,ID,standard,false,integer,"",,true,"",The unique identifier of the chat.,Number,no records in 48 months,0,0,,,25688,,"","",,"",""
chats,lookupName,LookupName,standard,false,string,"",255,true,"",The name used to look up the chat.,Text(255),never used,0,0,,,0,,"","",,"",""
chats,createdTime,CreatedTime,standard,false,string,date-time,,true,"",The date and time when the chat was created. This attribute is read-only.,Date/Time,never used,0,0,,,0,,"","",,"",""
chats,updatedTime,UpdatedTime,standard,false,string,date-time,,true,"",The date and time when the chat was last updated. This attribute is read-only.,Date/Time,never used,0,0,,,0,,"","",,"",""
chats,question,Question,standard,false,string,"",255,true,"",The question that is used as the lookupName for the chat object.,Text(255),never used,0,0,,,0,,"","",,"",""
configurations,id,ID,standard,false,integer,"",,true,"",The unique identifier of the configuration.,Number,not measured,,,,,,,"","",,"",""
configurations,lookupName,LookupName,standard,false,string,"",255,true,"",The name used to look up the configuration.,Text(255),not measured,,,,,,,"","",,"",""
configurations,createdTime,CreatedTime,standard,false,string,date-time,,true,"",The date and time when the configuration was created. This attribute is read-only.,Date/Time,not measured,,,,,,,"","",,"",""
configurations,updatedTime,UpdatedTime,standard,false,string,date-time,,true,"",The date and time when the configuration was last updated. This attribute is read-only.,Date/Time,not measured,,,,,,,"","",,"",""
configurations,dataType,DataType,standard,true,object,"",,true,dataType,The type of data that the configuration represents.,Picklist,not measured,,,,,,5,Integer;Menu;Text;Date Time;Yes/No,This field's own list,,"",""
configurations,name,Name,standard,false,string,"",120,true,"",The name of the configuration.,Text(120),not measured,,,,,,,"","",,"",""
configurations,value,Value,standard,false,string,"",300000,true,"",The string value of the configuration. The value is either a site value or the value associated with the interface. The configuration values are stored and fetched from a file cache.,Text Area (Long),not measured,,,,,,,"","",,"",""
contacts,id,ID,standard,false,integer,"",,true,"",The unique identifier of the contact.,Number,in use,97383,97383,100.0,,650716,,"","",,"",""
contacts,lookupName,LookupName,standard,false,string,"",255,true,"",The name used to look up the contact.,Text(255),in use,97383,89429,91.8,,642725,,"","",,"",""
contacts,createdTime,CreatedTime,standard,false,string,date-time,,true,"",The date and time when the contact was created. This attribute is read-only.,Date/Time,in use,97383,97383,100.0,,650716,,"","",,"",""
contacts,updatedTime,UpdatedTime,standard,false,string,date-time,,true,"",The date and time when the contact was last updated. This attribute is read-only.,Date/Time,in use,97383,97383,100.0,,650716,,"","",,"",""
contacts,contactType,ContactType,standard,true,object,"",,false,contactType,The ID of the contact type.,Picklist,never used,97383,0,0.0,,0,,"",No values defined in Oracle,,"",""
contacts,disabled,Disabled,standard,false,boolean,"",,false,"",Indicates whether the contact is disabled. The default value is false.,Checkbox,never used,97383,97383,100.0,0,650716,,"","",,"","Checkbox: use checked_48mo, since Oracle stores unchecked as a value"
contacts,externalReference,ExternalReference,standard,false,string,"",20,true,"",The external reference key of the contact.,Text(20),never used,97383,0,0.0,,0,,"","",,"",""
contacts,login,Login,standard,false,string,"",255,false,"",The user name used for authentication.,Text(255),in use,97383,16445,16.9,,124875,,"","",,"",""
contacts,newPassword,NewPassword,standard,false,string,"",20,false,"",The new password for authentication. It is stored with a one-way encryption in the system. This attribute is write-only.,Text(20),not measured,,,,,,,"","",,"",""
contacts,organization,Organization,standard,false,object,"",,false,organizations,The organization to which the contact belongs.,Lookup,never used,97383,0,0.0,,0,,"","",,"",""
contacts,passwordEmailExpirationTime,PasswordEmailExpirationTime,standard,false,string,date-time,,true,"",The date and time by when the contact must change the password after a reset has occurred. This attribute is read-only.,Date/Time,in use,97383,37244,38.2,,121409,,"","",,"",""
contacts,passwordExpirationTime,PasswordExpirationTime,standard,false,string,date-time,,true,"",The date and time by when the password is set to expire. This attribute is read-only.,Date/Time,never used,97383,0,0.0,,0,,"","",,"",""
contacts,source,Source,standard,true,object,"",,true,source,The creation source IDs. This attribute is read-only.,Picklist,in use,97383,97383,100.0,,650716,263,Inquiry Editor;Contact Editor;Org Editor;Opportunity Editor;Task Ins Editor;Answer Editor;Mailing Editor;Survey Editor;Campaign Editor;Document Editor;Mailing Format Editor;Segment Editor;Contact List Editor;Answer Propose from Incident Editor;Opportunity Create from Incident Editor;Live Chat;Analytics Report;Answer Move;Explorer;Inquiry multi update;Contact Multi Update;Org Multi Update;Opportunity Multi Update;Task Ins Multi Update;Answer Multi Update;Communication Center Notifications;Custom Object Editor;Custom Object Multi Update;Virtual Assistant Editor;Workflow;Asset Editor;Asset Multi-Edit Editor;Console Standard Report;Console Workspace;Console Search;Console Preview;Console Preview;Console External Interface;Console Add-In;Console Reset Password;Console Integrations Editor;Access Control Editor;Process Designer;Configuration Settings Editor;Message Bases Editor;Inquiry Editor;Contact Editor;Org Editor;Answer Editor;Meta-Answer on Answer Editor;Notifications;Analytics Report;Ask A Question;End-User Incident Update;End-User Contact Update;Pass-Through Authentication;Feedback on Answers;Site Feedback;Survey Response;Create Login;Marketing Unsubscribe;Feedback Unsubscribe;SmartAssistant on Ask A Question;List Header Unsubscribe;Automatic SPAM Loop Unsubscribe;Manual Social Escalation;Automatic Social Escalation;Open Login;Custlogin Contact Security;End-User Connect;Asset Registration;Admin Inquiry Edit/Assign;Ask A Question;End-User Incident Update;End-User Contact Update;Pass-Through Authentication;Feedback on Answers;Techmail - Service Mailbox;Techmail - Outreach Mailbox;Agedatabase - Close Waiting Incidents;Agedatabase - Answer Review;Agedatabase - Answer Publish;Agedatabase - Answer Decay;Rule Escalations;MA RNMD Daemon;Agedatabase - Archiving;Agedatabase - Stale Object Purge;Bulkdel;Langcvt;Interface Manager;Agedatabase - Customer/Org Acquisition;Upgrade;From Agedatabase - Incident Dormant;DBStatus Round-Robin Queue Check;Management & Configuration Rnwupg Utility;DBStatus Record Synchronization;Dbupdate;Synchronize Upgrade and Production Sites;SRM Engage;Techmail - Incoming Auto-Reply Message;Scheduled Report;Queued Report;Incident Update Round-Robin Logged-In Queue Check;Foreign Key Management;Meta-Answer Visibility Update;Public XML API;Public Connect Data Integration;External Events;Custom Tab;Custom PHP;Connect Web Services - SOAP;Connect PHP;Connect C++;Knowledge Connect Web Services - SOAP;Knowledge Connect PHP;Custom Process;Custom Process Object Event Handler;Custom Process (Async);Connect ODBC;Connect Custom Usage by Customer Portal;Connect Web Services - REST;Social Relationship Management REST Endpoint;Business Rules REST End-Point;Sync/Add/Update Contacts from Outlook;Sync Email and Append to Threads and Notes from Outlook;Sync/Add/Update Tasks from Outlook;Data Import;KImport (if source not provided);SalesNet Integration;Campaign Flow Action;Survey Flow Action;Web Form Submit;Contact Management;Inquiry Management;Locator;Password Reset;One Number Routing;Status;Inbound Survey;Outbound Survey;Knowledge Base;Web Click-to-Callback;Caller Information Delivery;3rd-Party Voice;Messagebase & Configbase Editor;SSO Configuration Editor;Service Cloud Configuration Assistant;Rntaccess Management;Admin Password Management;API Utility Record Synchronization;API Utility Management & Configuration Deployment;API Utility SSO (IdP/SP) Configuration;Clone Disable Functionality;Oracle Integration - Fusion;Oracle Integration - ATG;Smart Interaction Hub;Oracle Social Network;Oracle Integration - Event Notification;Oracle Integration - Oracle Knowledge Cloud Service;Oracle Policy Automation;Oracle Integration - Web Console;Oracle Integration - Social Relationship Management;Message Templates Record Merge;Analytics Report Upgrade;Internal Custom Object Deploy;Internal Auto Provision;Configuration Sets Deploy;Configuration Sets Rollback;Internal Publish;Internal Session Management;Internal Object State;Internal Analytics Dashboard;Internal Analytics Display;Internal Access Permissions;Internal;Internal Business Rules Deploy;Internal Business Rules Notify;Internal;Internal Object Copy;Internal Foreign Key Management;Internal;Internal Object Move;Internal Queuing;Internal SLA;Internal Custom Process;Internal Object Validation;Internal Object Versioning;Internal SSO;Internal Asynchronous Business Rules;Mobile Agent App Server;Mobile Incident Editor;Mobile Contact Editor;Mobile Organization Editor;Mobile Task Editor;Web Console Incident Editor;Web Console Contact Editor;Web Console Org Editor;Web Console Opportunity Editor;Web Console Task Editor;Web Console Answer Editor;Web Console Contact List Editor;Web Console Opportunity Create from Incident Editor;Web Console Live Chat;Web Console Analytics Report;Web Console Incident Multi Update;Web Console Contact Multi Update;Web Console Org Multi Update;Web Console Opportunity Multi Update;Web Console Task Ins Multi Update;Web Console Answer Multi Update;Web Console Notification;Web Console Custom Object Editor;Web Console Custom Object Multi Update;Web Console Workflow;Web Console Asset Editor;Web Console Asset Multi Update;Web Console Standard Report;Web Console Workspace;Web Console Search;Web Console Preview;Web Console Reset Password;Web Console Integrations Editor;Element Manager Editor;Data Lifecycle Management Purge;Unspecified Source;Ask A Question;My Inquiries;Contact Update;Feedback on Answers;Site Feedback;Survey Response;Contact Create;Marketing Unsubscribe;Feedback Unsubscribe;SmartAssistant on Ask A Question;List Header Unsubscribe;Automatic Feedback Loop from message being marked as SPAM;Social Manual Escalation;Social Automatic Escalation;Open Login;Custlogin Contact Security;Asset Registration;Management & Config;CX Console;Thin Client;End-User Pages;WAP;Utilities;Public API;Outlook Synch Tools;Import Tools;Process Flow;Voice Application;Custom Object;HMS Console;API Utility;Oracle Integration;Internal API;Mobile Agent App;Web Console;Data Lifecycle Management;Unspecified Source;Next-Gen API,This field's own list,6,Connect Web Services - REST;Inquiry Editor;Techmail - Service Mailbox;Live Chat;Contact Editor;Create Login,""
contacts,supersededBy,SupersededBy,standard,false,object,"",,true,contacts,The superseding contact for the contact. This attribute is read-only.,Lookup,never used,97383,0,0.0,,0,,"","",,"",""
contacts,title,Title,standard,false,string,"",80,false,"","The social or professional title of the contact. For example, Mrs., Dr., and so on.",Text(80),historical only,97383,0,0.0,,1,,"","",,"",""
countries,id,ID,standard,false,integer,"",,true,"",The unique identifier of the country.,Number,not measured,,,,,,,"","",,"",""
countries,lookupName,LookupName,standard,false,string,"",255,true,"",The name used to look up the country.,Text(255),not measured,,,,,,,"","",,"",""
countries,createdTime,CreatedTime,standard,false,string,date-time,,true,"",The date and time when the country was created. This attribute is read-only.,Date/Time,not measured,,,,,,,"","",,"",""
countries,updatedTime,UpdatedTime,standard,false,string,date-time,,true,"",The date and time when the country was last updated. This attribute is read-only.,Date/Time,not measured,,,,,,,"","",,"",""
countries,abbreviation,Abbreviation,standard,false,string,"",3,false,"","The two or three character abbreviation for the country. For example, USA.",Text(3),not measured,,,,,,,"","",,"",""
countries,displayOrder,DisplayOrder,standard,false,integer,"",,false,"",The position of the country in the Countries/Provinces tree and drop-down menu.,Number,not measured,,,,,,,"","",,"",""
countries,iSOCode,ISOCode,standard,false,string,"",2,false,"",The ISO 3166 country code.,Text(2),not measured,,,,,,,"","",,"",""
countries,name,Name,standard,false,string,"",80,true,"",A list of labels or names used for this country on each unique interface.,Text(80),not measured,,,,,,,"","",,"",""
countries,phoneCode,PhoneCode,standard,false,string,"",10,false,"",The international telephone code for the country. This is used by the Click-to-Dial feature.,Text(10),not measured,,,,,,,"","",,"",""
countries,phoneMask,PhoneMask,standard,false,string,"",80,false,"",The string having twice the number of characters in the phone number. Two characters are needed to represent every digit or character in the phone number. The first character of the mask describes the target character and the second constrains its type.,Text(80),not measured,,,,,,,"","",,"",""
countries,postalMask,PostalMask,standard,false,string,"",20,false,"",The string having twice the number of characters in the target postal code. Two characters are needed to represent every digit or character in the postal code. The first character of the mask describes the target character and the second constrains its type.,Text(20),not measured,,,,,,,"","",,"",""
eventSubscriptions,id,ID,standard,false,integer,"",,true,"",The unique identifier of the event subscription.,Number,not measured,,,,,,,"","",,"",""
eventSubscriptions,lookupName,LookupName,standard,false,string,"",255,true,"",The name used to look up the event subscription.,Text(255),not measured,,,,,,,"","",,"",""
eventSubscriptions,createdTime,CreatedTime,standard,false,string,date-time,,true,"",The date and time when the event subscription was created. This attribute is read-only.,Date/Time,not measured,,,,,,,"","",,"",""
eventSubscriptions,updatedTime,UpdatedTime,standard,false,string,date-time,,true,"",The date and time when the event subscription was last updated. This attribute is read-only.,Date/Time,not measured,,,,,,,"","",,"",""
eventSubscriptions,class,Class,standard,false,string,"",256,true,"",The string which represents the type of object in the ObjectShapeXML.,Text Area (Long),not measured,,,,,,,"","",,"",""
eventSubscriptions,endPoint,EndPoint,standard,false,string,"",1333,false,"","The URL to post the notification event. Note: If an endpoint is registered as a callback, it should contain the fully qualified domain name. For example: ""endpoint"" : ""https://mydomain-name.com:[port-number]/myEventReceiverService""",Text Area (Long),not measured,,,,,,,"","",,"",""
eventSubscriptions,eventType,EventType,standard,true,object,"",,true,eventType,"The types of event such as Create, Update, or Destroy.",Picklist,not measured,,,,,,3,Create;Update;Destroy,This field's own list,,"",""
eventSubscriptions,integrationUser,IntegrationUser,standard,true,object,"",,true,integrationUser,The credentials and connection method to use for the event subscription.,Picklist,not measured,,,,,,,"",Values are staff accounts and are not published,,"",""
eventSubscriptions,name,Name,standard,false,string,"",255,false,"",The unique name of the event subscription.,Text(255),not measured,,,,,,,"","",,"",""
eventSubscriptions,objectShapeXml,ObjectShapeXml,standard,false,string,"",349525,false,"",The shape of the template object used to send the notification.,Text Area (Long),not measured,,,,,,,"","",,"",""
eventSubscriptions,objectVersion,ObjectVersion,standard,true,object,"",,false,objectVersion,The Connect version of the object to be sent in the notification.,Picklist,not measured,,,,,,5,v1;v1.1;v1.2;v1.3;v1.4,This field's own list,,"",""
eventSubscriptions,status,Status,standard,true,object,"",,false,status,The status of the event subscription.,Picklist,not measured,,,,,,3,Active;Paused;Inactive,This field's own list,,"",""
holidays,id,ID,standard,false,integer,"",,true,"",The unique identifier of the holiday.,Number,not measured,,,,,,,"","",,"",""
holidays,lookupName,LookupName,standard,false,string,"",255,true,"",The name used to look up the holiday.,Text(255),not measured,,,,,,,"","",,"",""
holidays,createdTime,CreatedTime,standard,false,string,date-time,,true,"",The date and time when the holiday was created. This attribute is read-only.,Date/Time,not measured,,,,,,,"","",,"",""
holidays,updatedTime,UpdatedTime,standard,false,string,date-time,,true,"",The date and time when the holiday was last updated. This attribute is read-only.,Date/Time,not measured,,,,,,,"","",,"",""
holidays,adminVisibleInterfaces,AdminVisibleInterfaces,standard,true,array,"",,false,adminVisibleInterfaces,The list of interfaces on which the holiday is available for administration use.,Picklist,not measured,,,,,,3,nci;nci1;nci2,The site's interfaces,,"",""
holidays,displayOrder,DisplayOrder,standard,false,integer,"",,false,"",The display position relative to other holidays.,Number,not measured,,,,,,,"","",,"",""
holidays,holidayDate,HolidayDate,standard,false,string,date,,false,"",The date the holiday falls on. The maximum allowed value of the date is 12/31/2032.,Date,not measured,,,,,,,"","",,"",""
holidays,name,Name,standard,false,string,"",40,false,"",The name of the holiday.,Text(40),not measured,,,,,,,"","",,"",""
incidentResponse,incident,Incident,standard,false,object,"",,true,incidents,The incident object to perform Send-On-Save.,Lookup,not measured,,,,,,,"","",,"",""
incidentResponse,useEmailSignature,UseEmailSignature,standard,false,boolean,"",,true,"",Indicates whether the email signature is included. The default value is false.,Checkbox,not measured,,,,,,,"","",,"",""
incidents,id,ID,standard,false,integer,"",,true,"",The unique identifier of the incident.,Number,in use,166883,166883,100.0,,1167311,,"","",,"",""
incidents,lookupName,LookupName,standard,false,string,"",255,true,"",The name used to look up the incident.,Text(255),in use,166883,166883,100.0,,1167311,,"","",,"",""
incidents,createdTime,CreatedTime,standard,false,string,date-time,,true,"",The date and time when the incident was created.,Date/Time,in use,166883,166883,100.0,,1167311,,"","",,"",""
incidents,updatedTime,UpdatedTime,standard,false,string,date-time,,true,"",The date and time when the incident was last updated.,Date/Time,in use,166883,166883,100.0,,1167311,,"","",,"",""
incidents,asset,Asset,standard,false,object,"",,false,assets,The ID of the associated asset.,Lookup,never used,166883,0,0.0,,0,,"","",,"",""
incidents,category,Category,standard,true,object,"",,false,serviceCategories,The service category.,Picklist,never used,166883,0,0.0,,0,29,NCI-Designated Cancer Centers;Breast (Mammograms);Templates;Appreciation;Screening;Cervical;Empathy;Rejection;Colon;Referrals to HP/Treatment Facility;Standard Language;Clarification;Financial Assistance:Health/Medical;Disclaimers;Financial Assistance: Non-Medical;Resource Specific;Support: Psychosocial;Clinical Trials;HPV;Technical Problems;State Organizations;Links;International;CAM;Tobacco Cessation;Childhood;Announcements/In The News;PIQ Email Library;PIQ Standard Text,Rows of serviceCategories,,"",""
incidents,channel,Channel,standard,true,object,"",,false,channel,The channel used in the creation of the most recent thread.,Picklist,in use,166883,98786,59.2,,615380,41,CSS Email;MA Email;Phone;Fax;Post;CSS Web;MA Web;Chat;Email;Community;Twitter;YouTube;Facebook;SRM Engage;Facebook Public;Facebook Private;Facebook Mixed;Twitter Public;Twitter Private;Twitter Mixed;Instagram Public;Instagram Private;Instagram Mixed;WeChat Public;WeChat Private;WeChat Mixed;Sina Weibo Public;Sina Weibo Private;Sina Weibo Mixed;LinkedIn Public;LinkedIn Private;LinkedIn Mixed;Tumblr Public;Tumblr Private;Tumblr Mixed;WhatsApp Public;WhatsApp Private;WhatsApp Mixed;Snapchat Public;Snapchat Private;Snapchat Mixed,This field's own list,3,Chat;CSS Email;CSS Web,""
incidents,chatQueue,ChatQueue,standard,true,object,"",,true,chatQueue,The chat queue to which the incident is assigned. This attribute is read-only.,Picklist,in use,166883,49765,29.8,,363218,6,English Cancer Inquiry;English Smoking Cessation;Spanish Cancer Inquiry;Spanish Smoking Cessation;English Clinical Trial;Spanish Clinical Trial,This field's own list,6,English Smoking Cessation;English Cancer Inquiry;English Clinical Trial;Spanish Cancer Inquiry;Spanish Smoking Cessation;Spanish Clinical Trial,""
incidents,closedTime,ClosedTime,standard,false,string,date-time,,true,"",The date and time when the incident was closed. This attribute is read-only.,Date/Time,in use,166883,166620,99.8,,1153781,,"","",,"",""
incidents,createdByAccount,CreatedByAccount,standard,false,object,"",,true,accounts,The staff member who created the incident.,Lookup(User),in use,166883,117863,70.6,,889505,,"","",,"",""
incidents,disposition,Disposition,standard,true,object,"",,false,serviceDispositions,The service disposition.,Picklist,in use,166883,77252,46.3,,444995,25,Disconnected;Hang Up/Chat Terminated;Email No Response-Pick One;Rerouted;Smoking Cessation Transfer;Time Constraint;Invalid Email Address;Response Sent Through Outlook;Not Ready for Service;Email Not Needed;SRL  Only Sent/Email;No Answer;No Service Provided-Pick One;Cancer Transfer;Will Call Back;SPAM;Break Off-Pick One;Interruption;Spanish Transfer;Upset/Irate;Clinical Trial Transfer;Profane/Obscene;Humanify-No Answer;Other;Clinical Trial Transfer,Rows of serviceDispositions,23,SPAM;Disconnected;Hang Up/Chat Terminated;Email Not Needed;No Answer;Other;Clinical Trial Transfer;Response Sent Through Outlook;Will Call Back;Spanish Transfer;Humanify-No Answer;Smoking Cessation Transfer;Break Off-Pick One;Rerouted;Time Constraint;Not Ready for Service;Upset/Irate;No Service Provided-Pick One;Profane/Obscene;Cancer Transfer;Interruption;Email No Response-Pick One;SRL  Only Sent/Email,""
incidents,initialResponseDueTime,InitialResponseDueTime,standard,false,string,date-time,,true,"","The due date that is required to conform to the SLA. If SLAs have not been implemented, this would apply to the default response requirements. This attribute is read-only.",Date/Time,in use,166883,166883,100.0,,1167311,,"","",,"",""
incidents,initialSolutionTime,InitialSolutionTime,standard,false,string,date-time,,true,"",The date and time when a response was sent to the customer for a status change other than 'unresolved'. This attribute is read-only.,Date/Time,in use,166883,47141,28.2,,307591,,"","",,"",""
incidents,interface,Interface,standard,true,object,"",,false,siteInterfaces,The ID of the associated interface.,Picklist,in use,166883,166883,100.0,,1167311,3,nci;nci1;nci2,Rows of siteInterfaces,3,nci;nci2;nci1,""
incidents,language,Language,standard,true,object,"",,false,language,The ID of the associated language.,Picklist,in use,166883,166883,100.0,,1167285,2,en_US;es_ES,This field's own list,2,en_US;es_ES,""
incidents,lastResponseTime,LastResponseTime,standard,false,string,date-time,,true,"",The date and time when the last response was sent to the contact. This attribute is read-only.,Date/Time,in use,166883,47328,28.4,,309739,,"","",,"",""
incidents,lastSurveyScore,LastSurveyScore,standard,false,integer,"",,true,"",The score of the last survey of the incident. This attribute is read-only.,Number,in use,166883,27806,16.7,,97683,,"","",,"",""
incidents,mailbox,Mailbox,standard,true,object,"",,false,mailboxes,The ID of the mailbox from which incident was created.,Picklist,in use,166883,166831,100.0,,1133799,5,NCI;NCI Español;NCI Mobile;NCI Móvil Español;Bouncebacks,Names of the site's mailboxes,5,NCI;NCI Español;Bouncebacks;NCI Mobile;NCI Móvil Español,""
incidents,mailing,Mailing,standard,true,object,"",,true,mailing,The ID of the associated marketing outbound email. This attribute is read-only.,Picklist,never used,166883,0,0.0,,0,,"",No values defined in Oracle,,"",""
incidents,organization,Organization,standard,false,object,"",,false,organizations,The ID of the associated organization.,Lookup,never used,166883,0,0.0,,0,,"","",,"",""
incidents,otherContacts,OtherContacts,standard,false,array,"",,false,contacts,The list of secondary contacts.,Lookup,not measured,,,,,,,"","",,"",""
incidents,primaryContact,PrimaryContact,standard,false,object,"",,false,contacts,The primary contact.,Lookup,not measured,,,,,,,"","",,"",""
incidents,product,Product,standard,true,object,"",,false,serviceProducts,The service product.,Picklist,never used,166883,0,0.0,,0,7,Knowledge;National Organizations;Referral;Standard Response;Internal Information;PIQ;OD,Rows of serviceProducts,,"",""
incidents,queue,Queue,standard,true,object,"",,false,queue,The queue to which the incident is assigned.,Picklist,in use,166883,166301,99.7,,1159640,51,English Email;Spanish Email;Spanish Review;English Cancer Phone Call;Spanish Cancer Phone Call;English Facebook;Spanish Facebook;POS Email;PIQ Email;English Cancer Chat;English Smoking Chat;Mobile English;Mobile Spanish;English Smoking Phone Call;Spanish Smoking Phone Call;English POS Phone Call;Spanish POS Phone Call;English PIQ Phone Call;PIQ Review;Science Writer;Custom Email/Letters;Bounced Emails;SPAM;Customer Responses;Control Email/ Letters;English Review;VA English Quit Smoking;VA Spanish Quit Smoking;English Twitter;Spanish Twitter;English YouTube;Spanish YouTube;OD;PIQ Triage;PIQ Spanish Email;Spanish Cancer Chat;Spanish Smoking Chat;English Clinical Trial Phone Call;Spanish Clinical Trial Phone Call;English Clinical Trial Chat;Spanish Clinical Trial Chat;CT Review;Proact Study;English Instagram;Spanish Instagram;IMPACT;English NIDCD;Spanish NIDCD;CCR English Email;CCR Spanish Email;NIDCD Email,This field's own list,41,SPAM;English Cancer Phone Call;English Smoking Chat;VA English Quit Smoking;English Cancer Chat;English Clinical Trial Chat;English Clinical Trial Phone Call;Science Writer;English Smoking Phone Call;PIQ Triage;English Email;Spanish Cancer Chat;Spanish Cancer Phone Call;PIQ Email;Customer Responses;Spanish Email;Spanish Smoking Chat;Spanish Clinical Trial Chat;Spanish Facebook;Spanish Clinical Trial Phone Call;CCR English Email;English Facebook;PIQ Spanish Email;Spanish Smoking Phone Call;English Review;English Instagram;English PIQ Phone Call;VA Spanish Quit Smoking;Spanish Review;Custom Email/Letters;English YouTube;IMPACT;Control Email/ Letters;Spanish YouTube;CT Review;Bounced Emails;PIQ Review;Spanish Instagram;CCR Spanish Email;English Twitter;Mobile English,""
incidents,referenceNumber,ReferenceNumber,standard,false,string,"",13,true,"",The reference number generated when the incident was created. It is also referred as the incident name.,Text(13),in use,166883,166883,100.0,,1167311,,"","",,"",""
incidents,resolutionInterval,ResolutionInterval,standard,false,integer,"",,true,"",The number of minutes taken to resolve the incident past the SLA's resolution requirement. This attribute is read-only.,Number,in use,166883,166620,99.8,,1140859,,"","",,"",""
incidents,responseEmailAddressType,ResponseEmailAddressType,standard,true,object,"",,false,responseEmailAddressType,"The type of address that is used for incident responses, such as Primary or Alt1 .",Picklist,in use,166883,166882,100.0,,1167310,3,Email - Primary;Alternate Email 1;Alternate Email 2,This field's own list,2,Email - Primary;Alternate Email 1,""
incidents,responseInterval,ResponseInterval,standard,false,integer,"",,true,"",The number of minutes taken to respond to the incident past the SLA's response requirement. This attribute is read-only.,Number,in use,166883,47141,28.2,,307591,,"","",,"",""
incidents,severity,Severity,standard,true,object,"",,false,severity,The assigned severity level.,Picklist,in use,166883,83293,49.9,,87455,4,Normal;High;Low;New Request,This field's own list,4,Normal;High;New Request;Low,""
incidents,smartSenseCustomer,SmartSenseCustomer,standard,false,integer,"",,true,"",The emotive index calculated from the contact-generated threads. This attribute is read-only.,Number,in use,166883,120970,72.5,,811633,,"","",,"",""
incidents,smartSenseStaff,SmartSenseStaff,standard,false,integer,"",,true,"",The emotive index calculated from the staff-generated threads. This attribute is read-only.,Number,in use,166883,120962,72.5,,811616,,"","",,"",""
incidents,source,Source,standard,true,object,"",,true,source,The creation source IDs. This attribute is read-only.,Picklist,in use,166883,166883,100.0,,1167311,263,Inquiry Editor;Contact Editor;Org Editor;Opportunity Editor;Task Ins Editor;Answer Editor;Mailing Editor;Survey Editor;Campaign Editor;Document Editor;Mailing Format Editor;Segment Editor;Contact List Editor;Answer Propose from Incident Editor;Opportunity Create from Incident Editor;Live Chat;Analytics Report;Answer Move;Explorer;Inquiry multi update;Contact Multi Update;Org Multi Update;Opportunity Multi Update;Task Ins Multi Update;Answer Multi Update;Communication Center Notifications;Custom Object Editor;Custom Object Multi Update;Virtual Assistant Editor;Workflow;Asset Editor;Asset Multi-Edit Editor;Console Standard Report;Console Workspace;Console Search;Console Preview;Console Preview;Console External Interface;Console Add-In;Console Reset Password;Console Integrations Editor;Access Control Editor;Process Designer;Configuration Settings Editor;Message Bases Editor;Inquiry Editor;Contact Editor;Org Editor;Answer Editor;Meta-Answer on Answer Editor;Notifications;Analytics Report;Ask A Question;End-User Incident Update;End-User Contact Update;Pass-Through Authentication;Feedback on Answers;Site Feedback;Survey Response;Create Login;Marketing Unsubscribe;Feedback Unsubscribe;SmartAssistant on Ask A Question;List Header Unsubscribe;Automatic SPAM Loop Unsubscribe;Manual Social Escalation;Automatic Social Escalation;Open Login;Custlogin Contact Security;End-User Connect;Asset Registration;Admin Inquiry Edit/Assign;Ask A Question;End-User Incident Update;End-User Contact Update;Pass-Through Authentication;Feedback on Answers;Techmail - Service Mailbox;Techmail - Outreach Mailbox;Agedatabase - Close Waiting Incidents;Agedatabase - Answer Review;Agedatabase - Answer Publish;Agedatabase - Answer Decay;Rule Escalations;MA RNMD Daemon;Agedatabase - Archiving;Agedatabase - Stale Object Purge;Bulkdel;Langcvt;Interface Manager;Agedatabase - Customer/Org Acquisition;Upgrade;From Agedatabase - Incident Dormant;DBStatus Round-Robin Queue Check;Management & Configuration Rnwupg Utility;DBStatus Record Synchronization;Dbupdate;Synchronize Upgrade and Production Sites;SRM Engage;Techmail - Incoming Auto-Reply Message;Scheduled Report;Queued Report;Incident Update Round-Robin Logged-In Queue Check;Foreign Key Management;Meta-Answer Visibility Update;Public XML API;Public Connect Data Integration;External Events;Custom Tab;Custom PHP;Connect Web Services - SOAP;Connect PHP;Connect C++;Knowledge Connect Web Services - SOAP;Knowledge Connect PHP;Custom Process;Custom Process Object Event Handler;Custom Process (Async);Connect ODBC;Connect Custom Usage by Customer Portal;Connect Web Services - REST;Social Relationship Management REST Endpoint;Business Rules REST End-Point;Sync/Add/Update Contacts from Outlook;Sync Email and Append to Threads and Notes from Outlook;Sync/Add/Update Tasks from Outlook;Data Import;KImport (if source not provided);SalesNet Integration;Campaign Flow Action;Survey Flow Action;Web Form Submit;Contact Management;Inquiry Management;Locator;Password Reset;One Number Routing;Status;Inbound Survey;Outbound Survey;Knowledge Base;Web Click-to-Callback;Caller Information Delivery;3rd-Party Voice;Messagebase & Configbase Editor;SSO Configuration Editor;Service Cloud Configuration Assistant;Rntaccess Management;Admin Password Management;API Utility Record Synchronization;API Utility Management & Configuration Deployment;API Utility SSO (IdP/SP) Configuration;Clone Disable Functionality;Oracle Integration - Fusion;Oracle Integration - ATG;Smart Interaction Hub;Oracle Social Network;Oracle Integration - Event Notification;Oracle Integration - Oracle Knowledge Cloud Service;Oracle Policy Automation;Oracle Integration - Web Console;Oracle Integration - Social Relationship Management;Message Templates Record Merge;Analytics Report Upgrade;Internal Custom Object Deploy;Internal Auto Provision;Configuration Sets Deploy;Configuration Sets Rollback;Internal Publish;Internal Session Management;Internal Object State;Internal Analytics Dashboard;Internal Analytics Display;Internal Access Permissions;Internal;Internal Business Rules Deploy;Internal Business Rules Notify;Internal;Internal Object Copy;Internal Foreign Key Management;Internal;Internal Object Move;Internal Queuing;Internal SLA;Internal Custom Process;Internal Object Validation;Internal Object Versioning;Internal SSO;Internal Asynchronous Business Rules;Mobile Agent App Server;Mobile Incident Editor;Mobile Contact Editor;Mobile Organization Editor;Mobile Task Editor;Web Console Incident Editor;Web Console Contact Editor;Web Console Org Editor;Web Console Opportunity Editor;Web Console Task Editor;Web Console Answer Editor;Web Console Contact List Editor;Web Console Opportunity Create from Incident Editor;Web Console Live Chat;Web Console Analytics Report;Web Console Incident Multi Update;Web Console Contact Multi Update;Web Console Org Multi Update;Web Console Opportunity Multi Update;Web Console Task Ins Multi Update;Web Console Answer Multi Update;Web Console Notification;Web Console Custom Object Editor;Web Console Custom Object Multi Update;Web Console Workflow;Web Console Asset Editor;Web Console Asset Multi Update;Web Console Standard Report;Web Console Workspace;Web Console Search;Web Console Preview;Web Console Reset Password;Web Console Integrations Editor;Element Manager Editor;Data Lifecycle Management Purge;Unspecified Source;Ask A Question;My Inquiries;Contact Update;Feedback on Answers;Site Feedback;Survey Response;Contact Create;Marketing Unsubscribe;Feedback Unsubscribe;SmartAssistant on Ask A Question;List Header Unsubscribe;Automatic Feedback Loop from message being marked as SPAM;Social Manual Escalation;Social Automatic Escalation;Open Login;Custlogin Contact Security;Asset Registration;Management & Config;CX Console;Thin Client;End-User Pages;WAP;Utilities;Public API;Outlook Synch Tools;Import Tools;Process Flow;Voice Application;Custom Object;HMS Console;API Utility;Oracle Integration;Internal API;Mobile Agent App;Web Console;Data Lifecycle Management;Unspecified Source;Next-Gen API,This field's own list,5,Inquiry Editor;Live Chat;Techmail - Service Mailbox;Contact Editor;Ask A Question,""
incidents,subject,Subject,standard,false,string,"",240,false,"",The short description of the incident.,Text(240),in use,166883,166883,100.0,,1167311,,"","",,"",""
incidents,updatedByAccount,UpdatedByAccount,standard,false,object,"",,true,accounts,The staff member account that updated the Incident,Lookup(User),in use,166883,161582,96.8,,162611,,"","",,"",""
mailboxes,id,ID,standard,false,integer,"",,true,"",The unique identifier of the mailbox.,Number,not measured,,,,,,,"","",,"",""
mailboxes,lookupName,LookupName,standard,false,string,"",255,true,"",The name used to look up the mailbox.,Text(255),not measured,,,,,,,"","",,"",""
mailboxes,createdTime,CreatedTime,standard,false,string,date-time,,true,"",The date and time when the mailbox was created. This attribute is read-only.,Date/Time,not measured,,,,,,,"","",,"",""
mailboxes,updatedTime,UpdatedTime,standard,false,string,date-time,,true,"",The date and time when the mailbox was last updated. This attribute is read-only.,Date/Time,not measured,,,,,,,"","",,"",""
mailboxes,interface,Interface,standard,true,object,"",,true,siteInterfaces,The interface that the mailbox is associated with.,Picklist,not measured,,,,,,3,nci;nci1;nci2,Rows of siteInterfaces,,"",""
mailboxes,isDefault,IsDefault,standard,false,boolean,"",,false,"",Indicates whether the mailbox is the default mailbox for the interface. This attribute does not have a default value.,Checkbox,not measured,,,,,,,"","",,"",""
mailboxes,name,Name,standard,false,string,"",40,true,"",The name of the mailbox.,Text(40),not measured,,,,,,,"","",,"",""
mailboxes,type,Type,standard,true,object,"",,true,type,The module the mailbox is associated with.,Picklist,not measured,,,,,,2,Service;Marketing,This field's own list,,"",""
messageBases,id,ID,standard,false,integer,"",,true,"",The unique identifier of the message base.,Number,not measured,,,,,,,"","",,"",""
messageBases,lookupName,LookupName,standard,false,string,"",255,true,"",The name used to look up the message base.,Text(255),not measured,,,,,,,"","",,"",""
messageBases,createdTime,CreatedTime,standard,false,string,date-time,,true,"",The date and time when the message base was created. This attribute is read-only.,Date/Time,not measured,,,,,,,"","",,"",""
messageBases,updatedTime,UpdatedTime,standard,false,string,date-time,,true,"",The date and time when the message base was last updated. This attribute is read-only.,Date/Time,not measured,,,,,,,"","",,"",""
messageBases,name,Name,standard,false,string,"",120,true,"",The name of the message base.,Text(120),not measured,,,,,,,"","",,"",""
messageBases,usage,Usage,standard,true,object,"",,true,usage,The type of data the message base represents.,Picklist,not measured,,,,,,3,Plain;HTML;Hotkey,This field's own list,,"",""
messageBases,value,Value,standard,false,string,"",300000,true,"",The string value of the message base.,Text Area (Long),not measured,,,,,,,"","",,"",""
organizations,id,ID,standard,false,integer,"",,true,"",The unique identifier of the organization.,Number,not measured,,,,,,,"","",,"",""
organizations,lookupName,LookupName,standard,false,string,"",255,true,"",The name used to look up the organization.,Text(255),not measured,,,,,,,"","",,"",""
organizations,createdTime,CreatedTime,standard,false,string,date-time,,true,"",The date and time when the organization was created. This attribute is read-only.,Date/Time,not measured,,,,,,,"","",,"",""
organizations,updatedTime,UpdatedTime,standard,false,string,date-time,,true,"",The date and time when the organization was last updated. This attribute is read-only.,Date/Time,not measured,,,,,,,"","",,"",""
organizations,externalReference,ExternalReference,standard,false,string,"",20,true,"",The external reference key of the organization.,Text(20),not measured,,,,,,,"","",,"",""
organizations,industry,Industry,standard,true,object,"",,false,industry,The industry with which the organization is associated.,Picklist,not measured,,,,,,,"",No values defined in Oracle,,"",""
organizations,login,Login,standard,false,string,"",40,false,"",The user name used for authentication.,Text(40),not measured,,,,,,,"","",,"",""
organizations,name,Name,standard,false,string,"",80,false,"",The business name of the organization.,Text(80),not measured,,,,,,,"","",,"",""
organizations,nameFurigana,NameFurigana,standard,false,string,"",80,false,"",The Furigana reading aid for the Name field. This field is used in the workspaces of the Agent Console and is only available if the site has at least one Japanese interface.,Text(80),not measured,,,,,,,"","",,"",""
organizations,newPassword,NewPassword,standard,false,string,"",20,false,"",The write-only field used to set the authentication password. It is stored in a non-plaintext form in the system.,Text(20),not measured,,,,,,,"","",,"",""
organizations,numberOfEmployees,NumberOfEmployees,standard,false,integer,"",,false,"",The number of employees in the organization.,Number,not measured,,,,,,,"","",,"",""
organizations,organizationHierarchy,OrganizationHierarchy,standard,false,array,"",,true,organizations,The hierarchy of parent organizations. This attribute is read-only.,Lookup,not measured,,,,,,,"","",,"",""
organizations,parent,Parent,standard,false,object,"",,false,organizations,The parent organization.,Lookup,not measured,,,,,,,"","",,"",""
organizations,source,Source,standard,true,object,"",,true,source,The creation source IDs. This attribute is read-only.,Picklist,not measured,,,,,,263,Inquiry Editor;Contact Editor;Org Editor;Opportunity Editor;Task Ins Editor;Answer Editor;Mailing Editor;Survey Editor;Campaign Editor;Document Editor;Mailing Format Editor;Segment Editor;Contact List Editor;Answer Propose from Incident Editor;Opportunity Create from Incident Editor;Live Chat;Analytics Report;Answer Move;Explorer;Inquiry multi update;Contact Multi Update;Org Multi Update;Opportunity Multi Update;Task Ins Multi Update;Answer Multi Update;Communication Center Notifications;Custom Object Editor;Custom Object Multi Update;Virtual Assistant Editor;Workflow;Asset Editor;Asset Multi-Edit Editor;Console Standard Report;Console Workspace;Console Search;Console Preview;Console Preview;Console External Interface;Console Add-In;Console Reset Password;Console Integrations Editor;Access Control Editor;Process Designer;Configuration Settings Editor;Message Bases Editor;Inquiry Editor;Contact Editor;Org Editor;Answer Editor;Meta-Answer on Answer Editor;Notifications;Analytics Report;Ask A Question;End-User Incident Update;End-User Contact Update;Pass-Through Authentication;Feedback on Answers;Site Feedback;Survey Response;Create Login;Marketing Unsubscribe;Feedback Unsubscribe;SmartAssistant on Ask A Question;List Header Unsubscribe;Automatic SPAM Loop Unsubscribe;Manual Social Escalation;Automatic Social Escalation;Open Login;Custlogin Contact Security;End-User Connect;Asset Registration;Admin Inquiry Edit/Assign;Ask A Question;End-User Incident Update;End-User Contact Update;Pass-Through Authentication;Feedback on Answers;Techmail - Service Mailbox;Techmail - Outreach Mailbox;Agedatabase - Close Waiting Incidents;Agedatabase - Answer Review;Agedatabase - Answer Publish;Agedatabase - Answer Decay;Rule Escalations;MA RNMD Daemon;Agedatabase - Archiving;Agedatabase - Stale Object Purge;Bulkdel;Langcvt;Interface Manager;Agedatabase - Customer/Org Acquisition;Upgrade;From Agedatabase - Incident Dormant;DBStatus Round-Robin Queue Check;Management & Configuration Rnwupg Utility;DBStatus Record Synchronization;Dbupdate;Synchronize Upgrade and Production Sites;SRM Engage;Techmail - Incoming Auto-Reply Message;Scheduled Report;Queued Report;Incident Update Round-Robin Logged-In Queue Check;Foreign Key Management;Meta-Answer Visibility Update;Public XML API;Public Connect Data Integration;External Events;Custom Tab;Custom PHP;Connect Web Services - SOAP;Connect PHP;Connect C++;Knowledge Connect Web Services - SOAP;Knowledge Connect PHP;Custom Process;Custom Process Object Event Handler;Custom Process (Async);Connect ODBC;Connect Custom Usage by Customer Portal;Connect Web Services - REST;Social Relationship Management REST Endpoint;Business Rules REST End-Point;Sync/Add/Update Contacts from Outlook;Sync Email and Append to Threads and Notes from Outlook;Sync/Add/Update Tasks from Outlook;Data Import;KImport (if source not provided);SalesNet Integration;Campaign Flow Action;Survey Flow Action;Web Form Submit;Contact Management;Inquiry Management;Locator;Password Reset;One Number Routing;Status;Inbound Survey;Outbound Survey;Knowledge Base;Web Click-to-Callback;Caller Information Delivery;3rd-Party Voice;Messagebase & Configbase Editor;SSO Configuration Editor;Service Cloud Configuration Assistant;Rntaccess Management;Admin Password Management;API Utility Record Synchronization;API Utility Management & Configuration Deployment;API Utility SSO (IdP/SP) Configuration;Clone Disable Functionality;Oracle Integration - Fusion;Oracle Integration - ATG;Smart Interaction Hub;Oracle Social Network;Oracle Integration - Event Notification;Oracle Integration - Oracle Knowledge Cloud Service;Oracle Policy Automation;Oracle Integration - Web Console;Oracle Integration - Social Relationship Management;Message Templates Record Merge;Analytics Report Upgrade;Internal Custom Object Deploy;Internal Auto Provision;Configuration Sets Deploy;Configuration Sets Rollback;Internal Publish;Internal Session Management;Internal Object State;Internal Analytics Dashboard;Internal Analytics Display;Internal Access Permissions;Internal;Internal Business Rules Deploy;Internal Business Rules Notify;Internal;Internal Object Copy;Internal Foreign Key Management;Internal;Internal Object Move;Internal Queuing;Internal SLA;Internal Custom Process;Internal Object Validation;Internal Object Versioning;Internal SSO;Internal Asynchronous Business Rules;Mobile Agent App Server;Mobile Incident Editor;Mobile Contact Editor;Mobile Organization Editor;Mobile Task Editor;Web Console Incident Editor;Web Console Contact Editor;Web Console Org Editor;Web Console Opportunity Editor;Web Console Task Editor;Web Console Answer Editor;Web Console Contact List Editor;Web Console Opportunity Create from Incident Editor;Web Console Live Chat;Web Console Analytics Report;Web Console Incident Multi Update;Web Console Contact Multi Update;Web Console Org Multi Update;Web Console Opportunity Multi Update;Web Console Task Ins Multi Update;Web Console Answer Multi Update;Web Console Notification;Web Console Custom Object Editor;Web Console Custom Object Multi Update;Web Console Workflow;Web Console Asset Editor;Web Console Asset Multi Update;Web Console Standard Report;Web Console Workspace;Web Console Search;Web Console Preview;Web Console Reset Password;Web Console Integrations Editor;Element Manager Editor;Data Lifecycle Management Purge;Unspecified Source;Ask A Question;My Inquiries;Contact Update;Feedback on Answers;Site Feedback;Survey Response;Contact Create;Marketing Unsubscribe;Feedback Unsubscribe;SmartAssistant on Ask A Question;List Header Unsubscribe;Automatic Feedback Loop from message being marked as SPAM;Social Manual Escalation;Social Automatic Escalation;Open Login;Custlogin Contact Security;Asset Registration;Management & Config;CX Console;Thin Client;End-User Pages;WAP;Utilities;Public API;Outlook Synch Tools;Import Tools;Process Flow;Voice Application;Custom Object;HMS Console;API Utility;Oracle Integration;Internal API;Mobile Agent App;Web Console;Data Lifecycle Management;Unspecified Source;Next-Gen API,This field's own list,,"",""
organizations,supersededBy,SupersededBy,standard,false,object,"",,true,organizations,The superseding organization for the organization. This attribute is read-only.,Lookup,not measured,,,,,,,"","",,"",""
serviceCategories,id,ID,standard,false,integer,"",,true,"",The unique identifier of the service category.,Number,not measured,,,,,,,"","",,"",""
serviceCategories,lookupName,LookupName,standard,false,string,"",255,true,"",The name used to look up the service category.,Text(255),not measured,,,,,,,"","",,"",""
serviceCategories,createdTime,CreatedTime,standard,false,string,date-time,,true,"",The date and time when the service category was created. This attribute is read-only.,Date/Time,not measured,,,,,,,"","",,"",""
serviceCategories,updatedTime,UpdatedTime,standard,false,string,date-time,,true,"",The date and time when the service category was last updated. This attribute is read-only.,Date/Time,not measured,,,,,,,"","",,"",""
serviceCategories,adminVisibleInterfaces,AdminVisibleInterfaces,standard,true,array,"",,false,adminVisibleInterfaces,The list of interfaces on which the category is available for administration use.,Picklist,not measured,,,,,,3,nci;nci1;nci2,The site's interfaces,,"",""
serviceCategories,categoryHierarchy,CategoryHierarchy,standard,true,array,"",,true,serviceCategories,The list of all parents in the hierarchy from the root to the immediate parent. This attribute is read-only.,Picklist,not measured,,,,,,29,NCI-Designated Cancer Centers;Breast (Mammograms);Templates;Appreciation;Screening;Cervical;Empathy;Rejection;Colon;Referrals to HP/Treatment Facility;Standard Language;Clarification;Financial Assistance:Health/Medical;Disclaimers;Financial Assistance: Non-Medical;Resource Specific;Support: Psychosocial;Clinical Trials;HPV;Technical Problems;State Organizations;Links;International;CAM;Tobacco Cessation;Childhood;Announcements/In The News;PIQ Email Library;PIQ Standard Text,Rows of serviceCategories,,"",""
serviceCategories,displayOrder,DisplayOrder,standard,false,integer,"",,false,"",The display position of the service category relative to other categories with the same parent.,Number,not measured,,,,,,,"","",,"",""
serviceCategories,endUserVisibleInterfaces,EndUserVisibleInterfaces,standard,true,array,"",,false,endUserVisibleInterfaces,The list of interfaces on which the category is available for end user use.,Picklist,not measured,,,,,,3,nci;nci1;nci2,The site's interfaces,,"",""
serviceCategories,name,Name,standard,false,string,"",80,true,"",The name of the service category in the language of the current interface. This attribute is read-only.,Text(80),not measured,,,,,,,"","",,"",""
serviceCategories,parent,Parent,standard,true,object,"",,false,serviceCategories,The parent category in the hierarchy.,Picklist,not measured,,,,,,29,NCI-Designated Cancer Centers;Breast (Mammograms);Templates;Appreciation;Screening;Cervical;Empathy;Rejection;Colon;Referrals to HP/Treatment Facility;Standard Language;Clarification;Financial Assistance:Health/Medical;Disclaimers;Financial Assistance: Non-Medical;Resource Specific;Support: Psychosocial;Clinical Trials;HPV;Technical Problems;State Organizations;Links;International;CAM;Tobacco Cessation;Childhood;Announcements/In The News;PIQ Email Library;PIQ Standard Text,Rows of serviceCategories,,"",""
serviceDispositions,id,ID,standard,false,integer,"",,true,"",The unique identifier of the service disposition.,Number,not measured,,,,,,,"","",,"",""
serviceDispositions,lookupName,LookupName,standard,false,string,"",255,true,"",The name used to look up the service disposition.,Text(255),not measured,,,,,,,"","",,"",""
serviceDispositions,createdTime,CreatedTime,standard,false,string,date-time,,true,"",The date and time when the service disposition was created. This attribute is read-only.,Date/Time,not measured,,,,,,,"","",,"",""
serviceDispositions,updatedTime,UpdatedTime,standard,false,string,date-time,,true,"",The date and time when the service disposition was last updated. This attribute is read-only.,Date/Time,not measured,,,,,,,"","",,"",""
serviceDispositions,adminVisibleInterfaces,AdminVisibleInterfaces,standard,true,array,"",,false,adminVisibleInterfaces,The list of interfaces on which the disposition is available for administration use.,Picklist,not measured,,,,,,3,nci;nci1;nci2,The site's interfaces,,"",""
serviceDispositions,displayOrder,DisplayOrder,standard,false,integer,"",,false,"",The display position of the service disposition relative to other dispositions with the same parent.,Number,not measured,,,,,,,"","",,"",""
serviceDispositions,dispositionHierarchy,DispositionHierarchy,standard,true,array,"",,true,serviceDispositions,The list of all parents in the hierarchy from the root to the immediate parent. This attribute is read-only.,Picklist,not measured,,,,,,25,Disconnected;Hang Up/Chat Terminated;Email No Response-Pick One;Rerouted;Smoking Cessation Transfer;Time Constraint;Invalid Email Address;Response Sent Through Outlook;Not Ready for Service;Email Not Needed;SRL  Only Sent/Email;No Answer;No Service Provided-Pick One;Cancer Transfer;Will Call Back;SPAM;Break Off-Pick One;Interruption;Spanish Transfer;Upset/Irate;Clinical Trial Transfer;Profane/Obscene;Humanify-No Answer;Other;Clinical Trial Transfer,Rows of serviceDispositions,,"",""
serviceDispositions,name,Name,standard,false,string,"",80,true,"",The name of the service disposition in the language of the current interface. This attribute is read-only.,Text(80),not measured,,,,,,,"","",,"",""
serviceDispositions,parent,Parent,standard,true,object,"",,false,serviceDispositions,The parent disposition in the hierarchy.,Picklist,not measured,,,,,,25,Disconnected;Hang Up/Chat Terminated;Email No Response-Pick One;Rerouted;Smoking Cessation Transfer;Time Constraint;Invalid Email Address;Response Sent Through Outlook;Not Ready for Service;Email Not Needed;SRL  Only Sent/Email;No Answer;No Service Provided-Pick One;Cancer Transfer;Will Call Back;SPAM;Break Off-Pick One;Interruption;Spanish Transfer;Upset/Irate;Clinical Trial Transfer;Profane/Obscene;Humanify-No Answer;Other;Clinical Trial Transfer,Rows of serviceDispositions,,"",""
serviceMailboxes,id,ID,standard,false,integer,"",,true,"",The unique identifier of the service mailbox.,Number,not measured,,,,,,,"","",,"",""
serviceMailboxes,lookupName,LookupName,standard,false,string,"",255,true,"",The name used to look up the service mailbox.,Text(255),not measured,,,,,,,"","",,"",""
serviceMailboxes,createdTime,CreatedTime,standard,false,string,date-time,,true,"",The date and time when the service mailbox was created. This attribute is read-only.,Date/Time,not measured,,,,,,,"","",,"",""
serviceMailboxes,updatedTime,UpdatedTime,standard,false,string,date-time,,true,"",The date and time when the service mailbox was last updated. This attribute is read-only.,Date/Time,not measured,,,,,,,"","",,"",""
serviceMailboxes,interface,Interface,standard,true,object,"",,true,siteInterfaces,The interface that the mailbox is associated with.,Picklist,not measured,,,,,,3,nci;nci1;nci2,Rows of siteInterfaces,,"",""
serviceMailboxes,isDefault,IsDefault,standard,false,boolean,"",,false,"",Indicates whether the mailbox is the default mailbox for the interface. This attribute does not have a default value.,Checkbox,not measured,,,,,,,"","",,"",""
serviceMailboxes,name,Name,standard,false,string,"",40,true,"",The name of the service mailbox in the language of the current interface.,Text(40),not measured,,,,,,,"","",,"",""
serviceMailboxes,type,Type,standard,true,object,"",,true,type,The module the mailbox is associated with.,Picklist,not measured,,,,,,2,Service;Marketing,This field's own list,,"",""
serviceProducts,id,ID,standard,false,integer,"",,true,"",The unique identifier of the service product.,Number,not measured,,,,,,,"","",,"",""
serviceProducts,lookupName,LookupName,standard,false,string,"",255,true,"",The name used to look up the service product.,Text(255),not measured,,,,,,,"","",,"",""
serviceProducts,createdTime,CreatedTime,standard,false,string,date-time,,true,"",The date and time when the service product was created. This attribute is read-only.,Date/Time,not measured,,,,,,,"","",,"",""
serviceProducts,updatedTime,UpdatedTime,standard,false,string,date-time,,true,"",The date and time when the service product was last updated. This attribute is read-only.,Date/Time,not measured,,,,,,,"","",,"",""
serviceProducts,adminVisibleInterfaces,AdminVisibleInterfaces,standard,true,array,"",,false,adminVisibleInterfaces,The list of interfaces on which the category is available for administration use.,Picklist,not measured,,,,,,3,nci;nci1;nci2,The site's interfaces,,"",""
serviceProducts,displayOrder,DisplayOrder,standard,false,integer,"",,false,"",The display position of the service product relative to other products with the same parent.,Number,not measured,,,,,,,"","",,"",""
serviceProducts,endUserVisibleInterfaces,EndUserVisibleInterfaces,standard,true,array,"",,false,endUserVisibleInterfaces,The list of interfaces on which the category is available for end user use.,Picklist,not measured,,,,,,3,nci;nci1;nci2,The site's interfaces,,"",""
serviceProducts,name,Name,standard,false,string,"",80,true,"",The name of the service product in the language of the current interface.,Text(80),not measured,,,,,,,"","",,"",""
serviceProducts,parent,Parent,standard,true,object,"",,false,serviceProducts,The parent product in the hierarchy.,Picklist,not measured,,,,,,7,Knowledge;National Organizations;Referral;Standard Response;Internal Information;PIQ;OD,Rows of serviceProducts,,"",""
serviceProducts,productHierarchy,ProductHierarchy,standard,true,array,"",,true,serviceProducts,The list of all parents in the hierarchy from the root to the immediate parent. This attribute is read-only.,Picklist,not measured,,,,,,7,Knowledge;National Organizations;Referral;Standard Response;Internal Information;PIQ;OD,Rows of serviceProducts,,"",""
siteInterfaces,id,ID,standard,false,integer,"",,true,"",The unique identifier of the site interface.,Number,not measured,,,,,,,"","",,"",""
siteInterfaces,lookupName,LookupName,standard,false,string,"",255,true,"",The name used to look up the site interface.,Text(255),not measured,,,,,,,"","",,"",""
siteInterfaces,createdTime,CreatedTime,standard,false,string,date-time,,true,"",The date and time when the site interface was created. This attribute is read-only.,Date/Time,not measured,,,,,,,"","",,"",""
siteInterfaces,updatedTime,UpdatedTime,standard,false,string,date-time,,true,"",The date and time when the site interface was last updated. This attribute is read-only.,Date/Time,not measured,,,,,,,"","",,"",""
siteInterfaces,displayName,DisplayName,standard,false,string,"",40,true,"",The display name of the site interface.,Text(40),not measured,,,,,,,"","",,"",""
siteInterfaces,language,Language,standard,true,object,"",,true,language,The language associated with the interface.,Picklist,not measured,,,,,,2,en_US;es_ES,Shared Oracle list for language,,"",""
siteInterfaces,name,Name,standard,false,string,"",40,true,"",The name of the site interface.,Text(40),not measured,,,,,,,"","",,"",""
standardContents,id,ID,standard,false,integer,"",,true,"",The unique identifier of the standard content object.,Number,not measured,,,,,,,"","",,"",""
standardContents,lookupName,LookupName,standard,false,string,"",255,true,"",The name used to look up the standard content object.,Text(255),not measured,,,,,,,"","",,"",""
standardContents,createdTime,CreatedTime,standard,false,string,date-time,,true,"",The date and time when the standard content was created. This attribute is read-only.,Date/Time,not measured,,,,,,,"","",,"",""
standardContents,updatedTime,UpdatedTime,standard,false,string,date-time,,true,"",The date and time when the standard content was last updated. This attribute is read-only.,Date/Time,not measured,,,,,,,"","",,"",""
standardContents,adminVisibleInterfaces,AdminVisibleInterfaces,standard,true,array,"",,false,adminVisibleInterfaces,The list of interfaces on which the category is available for administration use.,Picklist,not measured,,,,,,3,nci;nci1;nci2,This field's own list,,"",""
standardContents,comment,Comment,standard,false,string,"",1048576,false,"",The comments associated with the standard content object.,Text Area (Long),not measured,,,,,,,"","",,"",""
standardContents,displayOrder,DisplayOrder,standard,false,integer,"",,false,"",The display position of the standard content relative to other standard content objects with the same parent.,Number,not measured,,,,,,,"","",,"",""
standardContents,hotKey,HotKey,standard,false,string,"",10,false,"",The assigned shortcut key for inserting the standard content.,Text(10),not measured,,,,,,,"","",,"",""
standardContents,name,Name,standard,false,string,"",40,false,"",The name of the standard content object.,Text(40),not measured,,,,,,,"","",,"",""
tasks,id,ID,standard,false,integer,"",,true,"",The unique identifier of the task.,Number,in use,83589,83589,100.0,,173112,,"","",,"",""
tasks,lookupName,LookupName,standard,false,string,"",255,true,"",The name used to look up the task.,Text(255),in use,83589,83589,100.0,,173112,,"","",,"",""
tasks,createdTime,CreatedTime,standard,false,string,date-time,,true,"",The date and time when the task was created. This attribute is read-only.,Date/Time,in use,83589,83589,100.0,,173112,,"","",,"",""
tasks,updatedTime,UpdatedTime,standard,false,string,date-time,,true,"",The date and time when the task was last updated. This attribute is read-only.,Date/Time,in use,83589,83589,100.0,,173112,,"","",,"",""
tasks,assignedToAccount,AssignedToAccount,standard,false,object,"",,false,accounts,The assigned staff account.,Lookup(User),in use,83589,83583,100.0,,173032,,"","",,"",""
tasks,completedTime,CompletedTime,standard,false,string,date-time,,false,"",The date and time when the task was completed.,Date/Time,historical only,83589,0,0.0,,5,,"","",,"",""
tasks,contact,Contact,standard,false,object,"",,false,contacts,The associated contact.,Lookup,never used,83589,0,0.0,,0,,"","",,"",""
tasks,dueTime,DueTime,standard,false,string,date-time,,false,"",The date and time when the task is due.,Date/Time,never used,83589,0,0.0,,0,,"","",,"",""
tasks,name,Name,standard,false,string,"",240,false,"",The name used to describe the task.,Text(240),in use,83589,83589,100.0,,173112,,"","",,"",""
tasks,organization,Organization,standard,false,object,"",,false,organizations,The associated organization.,Lookup,never used,83589,0,0.0,,0,,"","",,"",""
tasks,percentComplete,PercentComplete,standard,false,integer,"",,false,"",The percentage of work completed.,Number,in use,83589,83583,100.0,,173103,,"","",,"",""
tasks,plannedCompletionTime,PlannedCompletionTime,standard,false,string,date-time,,false,"",The date and time when the task is planned for completion.,Date/Time,never used,83589,0,0.0,,0,,"","",,"",""
tasks,priority,Priority,standard,true,object,"",,false,priority,The relative priority.,Picklist,never used,83589,0,0.0,,0,3,Low;Normal;High,This field's own list,,"",""
tasks,startTime,StartTime,standard,false,string,date-time,,false,"",The date and time when the task started.,Date/Time,never used,83589,0,0.0,,0,,"","",,"",""
tasks,taskTemplate,TaskTemplate,standard,true,object,"",,false,taskTemplate,The template for the business process.,Picklist,never used,83589,0,0.0,,0,,"",No values defined in Oracle,,"",""
tasks,taskType,TaskType,standard,true,object,"",,false,taskType,"The identifier of the task type, such as incident task. This works in conjunction with the inherit options to determine which associated object to inherit the data from.",Picklist,in use,83589,83583,100.0,,173100,9,Incidents;Contacts;Organizations;Answers;Documents;Mailings;Opportunities;Surveys;Campaigns,This field's own list,1,Incidents,""
variables,id,ID,standard,false,integer,"",,true,"",The unique identifier of the variable.,Number,not measured,,,,,,,"","",,"",""
variables,lookupName,LookupName,standard,false,string,"",255,true,"",The name used to look up the variable.,Text(255),not measured,,,,,,,"","",,"",""
variables,createdTime,CreatedTime,standard,false,string,date-time,,true,"",The date and time when the variable was created. This attribute is read-only.,Date/Time,not measured,,,,,,,"","",,"",""
variables,updatedTime,UpdatedTime,standard,false,string,date-time,,true,"",The date and time when the variable was last updated. This attribute is read-only.,Date/Time,not measured,,,,,,,"","",,"",""
variables,displayOrder,DisplayOrder,standard,false,integer,"",,false,"",The position of the variable in the variable list.,Number,not measured,,,,,,,"","",,"",""
variables,name,Name,standard,false,string,"",40,false,"",The name of the variable.,Text(40),not measured,,,,,,,"","",,"",""
variables,searchIndexable,SearchIndexable,standard,false,boolean,"",,false,"",Indicates whether the text is indexed for searching the customer portal. The default value is false.,Checkbox,not measured,,,,,,,"","",,"",""
answers,customFields.Referrals.Country,Country,custom attribute (Referrals),true,object,"",,false,Referrals.mReferralCountry,"",Picklist,not measured,,,,,,236,"Value;Antigua & Barbuda;Afghanistan;Algeria;Albania;Armenia;Andorra;Angola;Argentina;Australia;Austria;Anguilla;Antarctica;Azerbaijan;Bahrain;Barbados;Botswana;Bermuda;Belgium;Bahamas;Bangladesh;Belize;Bolivia;Burma;Solomon Islands;Navassa Island;Brazil;Byelarus;Bhutan;Bulgaria;Bouvet Island;Brunei;Burundi;Canada;Cambodia;Chad;Sri Lanka;Congo;Zaire;China;Chile;Cayman Islands;Cocos (Keeling) Islands;Cameroon;Comoros;Colombia;Northern Mariana Islands;Costa Rica;Central African Republic;Cuba;Cape Verde;Cook Islands;Cyprus;Czechoslovakia;Denmark;Djibouti;Benin;Dominica;Dominican Republic;Dutch West Indies;Ecuador;Egypt;Ireland;Equatorial Guinea;El Salvador;Ethiopia;Falkland Islands;French Guiana;Finland;Fiji;Faroe Islands;French Polynesia;France;French South & Antarctic Lands;Gambia;Gabon;Germany;Ghana;Gibraltar;Grenada;Greenland;Georgia;Guadeloupe;Greece;Guatemala;Guinea;Guyana;Gaza Strip;Haiti;Hong Kong;Heard & McDonald Islands;Honduras;Hungary;Iceland;Indonesia;India;British Indian Ocean Territory;U.S. Misc. Pacific Islands;Iran;Israel;Italy;Cote d'Ivoire;Iraq-Saudi Arabia Neutral Zone;Iraq;Japan;Jamaica;Jordan;Svalbard & Jan Mayen;Kenya;Korea, North;Kiribati;Korea, South;Christmas Island;Kuwait;Kyrgyzstan;Kazakhstan;Laos;Lebanon;Lithuania;Liberia;Liechtenstein;Lesotho;Luxembourg;Libya;Madagascar;Martinique;Macau;Moldova;Mongolia;Montserrat;Malawi;Mali;Monaco;Morocco;Mauritius;Midway Islands;Mauritania;Malta;Oman;Maldives;Mexico;Malaysia;Mozambique;Netherlands Antilles;New Caledonia;Niue;Norfolk Island;Niger;Vanuatu;Nigeria;Netherlands;Norway;Nepal;Pacific Is, Trust Territory;Nauru;Suriname;Nicaragua;New Zealand;Paraguay;Pitcairn Islands;Peru;Paracel Islands;Spratly Islands;Pakistan;Poland;Panama;Portugal;Papua New Guinea;Guinea-Bissau;Qatar;Reunion;Russia;Romania;Philippines;Rwanda;Saudi Arabia;St. Pierre & Miquelon;St. Kitts & Nevis;Seychelles;South Africa;Senegal;St. Helena;Sierra Leone;San Marino;Singapore;Somalia;Spain;St. Lucia;Sudan;Sweden;Syria;Switzerland;United Arab Emirates;Trinidad & Tobago;Thailand;Tajikistan;Turks & Caicos Islands;Tokelau;Turkmenistan;Tonga;Togo;Sao Tome & Principe;Tunisia;Turkey;Tuvalu;Taiwan;Tanzania;Uganda;United Kingdom;Ukraine;United States;Burkina Faso;Uruguay;Uzbekistan;St. Vincent & the Grenadines;Venezuela;Virgin Islands, British;Vietnam;Vatican City;Namibia;Wallis & Futuna;Western Sahara;Wake Island;Western Samoa;Swaziland;Yemen, North (Sanaa);Yugoslavia;Yemen, South (Aden);Zambia;Zimbabwe;Czech Republic;The Netherlands;Slovakia;England (United Kingdom);Northern Ireland (United Kingdom);Wales",Rows of Referrals.mReferralCountry,,"",""
answers,customFields.Referrals.Language1,Language1,custom attribute (Referrals),true,object,"",,false,Referrals.mReferralLanguage,"",Picklist,not measured,,,,,,42,English;Spanish;Vietnamese;Cantonese;Laotian;Korean;French;Italian;Slovak;German;Czech;Danish;Hungarian;Hebrew;Dutch;Norwegian;Swedish;Finnish;Chinese;Japanese;Portuguese;Arabic;Russian;Haitian-Creole;Turkish;Chamorro;Chuukese;Hmong;Khmer;Kosraean;Marshallese;Samoan;Thai;Yapese;Tagalog;Polish;Greek;Bangla/Bengali;Hindi;IIocano;Tongan;Urdu,Rows of Referrals.mReferralLanguage,,"",""
answers,customFields.Referrals.Language2,Language2,custom attribute (Referrals),true,object,"",,false,Referrals.mReferralLanguage,"",Picklist,not measured,,,,,,42,English;Spanish;Vietnamese;Cantonese;Laotian;Korean;French;Italian;Slovak;German;Czech;Danish;Hungarian;Hebrew;Dutch;Norwegian;Swedish;Finnish;Chinese;Japanese;Portuguese;Arabic;Russian;Haitian-Creole;Turkish;Chamorro;Chuukese;Hmong;Khmer;Kosraean;Marshallese;Samoan;Thai;Yapese;Tagalog;Polish;Greek;Bangla/Bengali;Hindi;IIocano;Tongan;Urdu,Rows of Referrals.mReferralLanguage,,"",""
answers,customFields.Referrals.Language3,Language3,custom attribute (Referrals),true,object,"",,false,Referrals.mReferralLanguage,"",Picklist,not measured,,,,,,42,English;Spanish;Vietnamese;Cantonese;Laotian;Korean;French;Italian;Slovak;German;Czech;Danish;Hungarian;Hebrew;Dutch;Norwegian;Swedish;Finnish;Chinese;Japanese;Portuguese;Arabic;Russian;Haitian-Creole;Turkish;Chamorro;Chuukese;Hmong;Khmer;Kosraean;Marshallese;Samoan;Thai;Yapese;Tagalog;Polish;Greek;Bangla/Bengali;Hindi;IIocano;Tongan;Urdu,Rows of Referrals.mReferralLanguage,,"",""
answers,customFields.Referrals.Language4,Language4,custom attribute (Referrals),true,object,"",,false,Referrals.mReferralLanguage,"",Picklist,not measured,,,,,,42,English;Spanish;Vietnamese;Cantonese;Laotian;Korean;French;Italian;Slovak;German;Czech;Danish;Hungarian;Hebrew;Dutch;Norwegian;Swedish;Finnish;Chinese;Japanese;Portuguese;Arabic;Russian;Haitian-Creole;Turkish;Chamorro;Chuukese;Hmong;Khmer;Kosraean;Marshallese;Samoan;Thai;Yapese;Tagalog;Polish;Greek;Bangla/Bengali;Hindi;IIocano;Tongan;Urdu,Rows of Referrals.mReferralLanguage,,"",""
answers,customFields.Referrals.State,State,custom attribute (Referrals),true,object,"",,false,Referrals.mReferralState,"",Picklist,not measured,,,,,,56,AK;AL;AR;AS;AZ;CA;CO;CT;DC;DE;FL;GA;GU;HI;IA;ID;IL;IN;KS;KY;LA;MA;MD;ME;MI;MN;MO;MP;MS;MT;NC;ND;NE;NH;NJ;NM;NV;NY;OH;OK;OR;PA;PR;RI;SC;SD;TN;TX;UT;VA;VI;VT;WA;WI;WV;WY,Rows of Referrals.mReferralState,,"",""
answers,customFields.c.is_notes,IS Notes,custom (c),false,string,"",1333,false,"","",Text Area (Long),not measured,,,,,,,"","",,"",""
answers,customFields.c.answer_source,Source,custom (c),true,object,"",,false,"","",Picklist,not measured,,,,,,1,Sources,This field's own list,,"",""
answers,customFields.c.answer_types,Type,custom (c),true,object,"",,false,"","",Picklist,not measured,,,,,,5,Knowledge;Referral;Standard Response;PIQ;OD,This field's own list,,"",""
answers,customFields.c.cisimportid,CISImportID,custom (c),false,string,"",10,false,"","",Text(10),not measured,,,,,,,"","",,"",""
answers,customFields.c.import_notes,ImportNotes,custom (c),false,string,"",1333,false,"","",Text Area (Long),not measured,,,,,,,"","",,"",""
answers,customFields.c.cisimportprodcats,CISImportProdCats,custom (c),false,string,"",255,false,"","",Text(255),not measured,,,,,,,"","",,"",""
answers,customFields.c.cig,CIG,custom (c),true,object,"",,false,"","",Picklist,not measured,,,,,,19,"Resource Quick Links;QuitVet;Treatment-Quitting Strategies;Cravings and Withdrawals;Nicotine;NRT/Medications;E-Cigarettes;Staying Quit;Harms of Smoking;Quitting and Your Health;Weight Gain;Special Groups;Pregnancy-Women;Youth;Smokeless;Other Tobacco Products;Alternative Quitting Strategies;""Certificate Programs"";Helping Others Quit",This field's own list,,"",""
answers,customFields.c.admin_import,Admin Import Notes,custom (c),false,string,"",1333,false,"","",Text Area (Long),not measured,,,,,,,"","",,"",""
answers,customFields.c.former_name,Referral Former Name 1,custom (c),false,string,"",150,false,"","",Text(150),not measured,,,,,,,"","",,"",""
answers,customFields.c.former_name_2,Referral Former Name 2,custom (c),false,string,"",150,false,"","",Text(150),not measured,,,,,,,"","",,"",""
answers,customFields.c.referral_type,Referral Type,custom (c),true,object,"",,false,"","",Picklist,not measured,,,,,,3,International;National;State,This field's own list,,"",""
answers,customFields.c.countyparishborough,Referral CountyParishBorough,custom (c),false,string,"",150,false,"","",Text(150),not measured,,,,,,,"","",,"",""
answers,customFields.c.zip_cide,Referral Zip Code,custom (c),false,string,"",15,false,"","",Text(15),not measured,,,,,,,"","",,"",""
answers,customFields.c.referral_city,Referral City,custom (c),false,string,"",50,false,"","",Text(50),not measured,,,,,,,"","",,"",""
answers,customFields.c.referral_contact,Referral Contact,custom (c),false,string,"",150,false,"","Name, Title, etc of Referral Site Contact",Text(150),not measured,,,,,,,"","",,"",""
answers,customFields.c.referral_contact_email,Referral Contact Email,custom (c),false,string,"",100,false,"",The email of the referral site contact,Text(100),not measured,,,,,,,"","",,"",""
answers,customFields.c.referral_contact_phone,Referral Contact Phone,custom (c),false,string,"",25,false,"",Phone number of referral site contact,Text(25),not measured,,,,,,,"","",,"",""
answers,customFields.c.nci_db,NCI Database Referral,custom (c),false,boolean,"",,false,"","",Checkbox,not measured,,,,,,,"","",,"",""
answers,customFields.c.quicklink,QuickLink,custom (c),false,boolean,"",,false,"","",Checkbox,not measured,,,,,,,"","",,"",""
contacts,customFields.c.pii_removed,PII Removed,custom (c),false,boolean,"",,false,"","",Checkbox,in use,97383,97382,100.0,76813,650714,,"","",,"","Checkbox: use checked_48mo, since Oracle stores unchecked as a value"
contacts,customFields.c.exempt,Exempt,custom (c),false,boolean,"",,false,"","Was the user exempt, for example was he\she terminally ill or emotionally distressed, during the contact?",Checkbox,rare (<1%),97383,1,0.0,1,2172,,"","",,"","Checkbox: use checked_48mo, since Oracle stores unchecked as a value"
contacts,customFields.c.sms_consent,SMS Consent,custom (c),false,boolean,"",,false,"","",Checkbox,in use,97383,3074,3.2,2829,4602,,"","",,"","Checkbox: use checked_48mo, since Oracle stores unchecked as a value"
incidents,customFields.c.special_code_1,SpecialCode 1,custom (c),true,object,"",,false,"","",Picklist,in use,166883,137364,82.3,,717127,44,Pediatric Petitions/Funding;CTCA Call;In the News;Affordable Care Act (ACA);VA Lung Screening;FDA Referral;None;MATCH;Break-Off;Cancer Moonshot;Cancer Research Initiative Mailbox;VM Callback;CT Feedback;PIQ Custom Phone Response;VA Smoking Chat;Dr. Rosenberg;TMIST;PIQ Referred by DOC;FB Live Event;Ped-MATCH;First In Human;Hurricane;SCCA CT;Every Try Counts;DART;E2112;All of Us Research Program;Cell Phone Risk;Social Media-DOC Twitter;FB-Proactive Post;PIQ-Incarcerated Client;PIQ Referred by Center for Global Health;Genomics Podcast;COVID-19;NCCAPS (NCI COVID study);Trinity Study;CONNECT Study;FLOTUS;ShareMD;VA Moonshot LCS Pilot;MyPart;LGBTQIA+ Health;VA Proactive Outreach Pilot;Vanguard Study,This field's own list,30,None;Break-Off;VA Smoking Chat;COVID-19;In the News;PIQ Referred by DOC;VA Moonshot LCS Pilot;VM Callback;Cancer Moonshot;Dr. Rosenberg;CTCA Call;VA Lung Screening;MyPart;All of Us Research Program;VA Proactive Outreach Pilot;PIQ-Incarcerated Client;Pediatric Petitions/Funding;MATCH;TMIST;Ped-MATCH;PIQ Referred by Center for Global Health;Cell Phone Risk;CONNECT Study;FB Live Event;FB-Proactive Post;PIQ Custom Phone Response;Vanguard Study;Hurricane;FDA Referral;LGBTQIA+ Health,""
incidents,customFields.c.special_code_2,SpecialCode 2,custom (c),true,object,"",,false,"","",Picklist,rare (<1%),166883,35,0.0,,876,38,Pediatric Petitions/Funding;CTCA Call;In the News;Affordable Care Act (ACA);VA Lung Screening;FDA Referral;MATCH;Vice President's Cancer Initiative;Cancer Research Initiative Mailbox;VM Callback;CT Feedback;PIQ Custom Phone Response;Dr. Rosenberg;TMIST;PIQ Referred by DOC;FB Live Event;Ped-MATCH;First In Human;Hurricane;SCCA CT;Every Try Counts;DART;E2112;All of Us Research Program;Cell Phone Risk;PIQ-Incarcerated Client;PIQ Referred by Center for Global Health;Genomics Podcast;COVID-19;NCCAPS (NCI COVID study);Trinity Study;CONNECT Study;FLOTUS;ShareMD;MyPart;LGBTQIA+ Health;VA Proactive Outreach Pilot;Vanguard Study,This field's own list,12,COVID-19;VM Callback;In the News;Dr. Rosenberg;TMIST;All of Us Research Program;MyPart;Ped-MATCH;Pediatric Petitions/Funding;PIQ Custom Phone Response;PIQ Referred by DOC;Vanguard Study,""
incidents,customFields.c.special_code_3,SpecialCode 3,custom (c),true,object,"",,false,"","",Picklist,never used,166883,0,0.0,,0,3,Recalcitrant Cancer Research Act;Pediatric Patitions/Fuding;CTCA Call,This field's own list,,"",""
incidents,customFields.c.action_1,Action 1,custom (c),true,object,"",,false,"","",Picklist,in use,166883,137497,82.4,,979907,19,Sent Information By Mail;Emailed Information;Warm Transfer POS;Warm Transfer Org/Agency;Scheduled Call Back;Other;Social Media Post;None;Disconnect/Break-Off;Warm Transfer VA Crisis Line;Transfer to Phone Call;Sent Perfect SCP;CoVPN-Completed Registry;CoVPN-Directed to Website;Forwarded to CCR;Forwarded to NOB;Sent to Surgery Branch;CCR/NOB–Requested More Info;Sent to CS/MG-Existing Patient,This field's own list,16,Disconnect/Break-Off;Emailed Information;None;Scheduled Call Back;Sent Information By Mail;Social Media Post;Forwarded to CCR;Transfer to Phone Call;Other;Forwarded to NOB;Sent to CS/MG-Existing Patient;CCR/NOB–Requested More Info;Sent to Surgery Branch;Warm Transfer VA Crisis Line;Warm Transfer POS;Warm Transfer Org/Agency,""
incidents,customFields.c.action_2,Action 2,custom (c),true,object,"",,false,"","",Picklist,in use,166883,7873,4.7,,19189,17,Sent Information By Mail;Emailed Information;Warm Transfer POS;Warm Transfer Org/Agency;Scheduled Call Back;Other;Facebook Post;Warm Transfer VA Crisis Line;Transfer to Phone Call;Sent Perfect SCP;CoVPN-Directed to Website;CoVPN-Completed Registry;Forwarded to CCR;Forwarded to NOB;Sent to Surgery Branch;CCR/NOB–Requested More Info;Sent to CS/MG-Existing Patient,This field's own list,11,Emailed Information;Scheduled Call Back;Sent Information By Mail;Forwarded to CCR;Transfer to Phone Call;Forwarded to NOB;Sent to Surgery Branch;Other;CCR/NOB–Requested More Info;Sent to CS/MG-Existing Patient;Warm Transfer POS,""
incidents,customFields.c.action_3,Action 3,custom (c),true,object,"",,false,"","",Picklist,historical only,166883,0,0.0,,21,9,Sent Information by Mail;Emailed Information;Warm Transfer POS;Warm Transfer Org/Agency;Scheduled Call Back;Other;Facebook Post;Warm Tranfer VA Crisis Line;Sent Perfect SCP,This field's own list,,"",""
incidents,customFields.c.action_4,Action 4,custom (c),true,object,"",,false,"","",Picklist,historical only,166883,0,0.0,,2,7,Sent Information By Mail;Emailed Information;Warm Transfer POS;Warm Transfer Org/Agency;Scheduled Call Back;Other;Facebook Post,This field's own list,,"",""
incidents,customFields.c.action_5,Action 5,custom (c),true,object,"",,false,"","",Picklist,historical only,166883,0,0.0,,5,7,Sent Information By Mail;Emailed Information;Warm Transfer POS;Warm Transfer Org/Agency;Scheduled Call Back;Other;Facebook Post,This field's own list,,"",""
incidents,customFields.c.referral_type_1,Referral 1,custom (c),true,object,"",,false,"","",Picklist,in use,166883,137498,82.4,,902943,31,NCI Contact Center;Smoking Quitline;Public Inquiries;GPO/POS;NCI DOC/Program;NCI-Designated Cancer Center;NCI CCR/Clinical Center;CDC-BCCEDP;Genetics Services;Other Healthcare Facility;National or Community Org/Other Gov Prog;International referral;Other;None;PACT Team/Primary Care Provider;Pharmacist;Mental Health Provider;Patient Advocate;Smokefree Vet/text Program;Publichealth.va.gov/smoking website;Stay Quit Coach app;VA Email;Disconnect/Break-Off;Dr/Nurse/Pharmacist/SW/HP;N/A;CPEN Bulk Printing;VA Social Media;Quit2Heal;CoVPN IRB #;CoVPN Study #;CoVPN Email,This field's own list,25,Disconnect/Break-Off;Dr/Nurse/Pharmacist/SW/HP;None;National or Community Org/Other Gov Prog;PACT Team/Primary Care Provider;Smoking Quitline;NCI DOC/Program;Public Inquiries;NCI CCR/Clinical Center;NCI-Designated Cancer Center;NCI Contact Center;Other;International referral;Publichealth.va.gov/smoking website;Other Healthcare Facility;N/A;Smokefree Vet/text Program;CPEN Bulk Printing;Stay Quit Coach app;CDC-BCCEDP;GPO/POS;VA Email;Mental Health Provider;Pharmacist;VA Social Media,""
incidents,customFields.c.referral_type_2,Referral 2,custom (c),true,object,"",,false,"","",Picklist,in use,166883,31566,18.9,,199567,28,NCI Contact Center;Smoking Quitline;Public Inquiries;GPO/POS;NCI DOC/Program;NCI-Designated Cancer Center;NCI CCR/Clinical Center;CDC-BCCEDP;Genetics Services;Other Healthcare Facility;National or Community Org/Other Gov Prog;International referral;Other;PACT Team/Primary Care Provider;Pharmacist;Mental Health Provider;Patient Advocate;SmokefreeVET text program;Publichealth.va.gov/smoking website;Stay Quit Coach app;VA Email;Dr/Nurse/Pharmacist/SW/HP;CPEN Bulk Printing;VA Social Media;Quit2Heal;CoVPN IRB #;CoVPN Study #;CoVPN Email,This field's own list,24,National or Community Org/Other Gov Prog;NCI-Designated Cancer Center;International referral;Smoking Quitline;SmokefreeVET text program;Publichealth.va.gov/smoking website;Dr/Nurse/Pharmacist/SW/HP;NCI Contact Center;Other Healthcare Facility;NCI CCR/Clinical Center;Public Inquiries;Stay Quit Coach app;Other;NCI DOC/Program;Pharmacist;CDC-BCCEDP;PACT Team/Primary Care Provider;CPEN Bulk Printing;VA Social Media;Mental Health Provider;Genetics Services;GPO/POS;VA Email;Patient Advocate,""
incidents,customFields.c.referral_five,Referral 5,custom (c),true,object,"",,false,"","",Picklist,historical only,166883,0,0.0,,28,24,CIS information service;Smoking Quitline;Public Inquiries;POS;NCI DOC/Program;NCI-Designated Cancer Center;NCI CCR/Clinical Center;CDC-BCCEDP;CDC-BCCEDP - Missouri;Genetics Services;Other Healthcare Facility;National or Community Org/Other Gov Prog;International referral;Other;PACT Team/Primary Care Provider;Pharmacist;Mental Health Provider;Patient Advocate;Smokefree Vet/text Program;Publichealth.va.gov/smoking website;Stay Quit Coach app;VA Email;CoVPN IRB #;CoVPN Study #,This field's own list,,"",""
incidents,customFields.c.referral_type_3,Referral 3,custom (c),true,object,"",,false,"","",Picklist,in use,166883,11577,6.9,,63639,28,NCI Contact Center;Smoking Quitline;Public Inquiries;GPO/POS;NCI DOC/Program;NCI-Designated Cancer Center;NCI CCR/Clinical Center;CDC-BCCEDP;Genetics Services;Other Healthcare Facility;National or Community Org/Other Gov Prog;International referral;Other;PACT Team/Primary Care Provider;Pharmacist;Mental Health Provider;Patient Advocate;Smokefree Vet/text Program;Publichealth.va.gov/smoking website;Stay Quit Coach app;VA Email;Dr/Nurse/Pharmacist;CPEN Bulk Printing;VA Social Media;Quit2Heal;CoVPN Study #;CoVPN IRB #;CoVPN Email,This field's own list,23,Stay Quit Coach app;Smokefree Vet/text Program;National or Community Org/Other Gov Prog;Other Healthcare Facility;NCI-Designated Cancer Center;Publichealth.va.gov/smoking website;International referral;NCI Contact Center;Smoking Quitline;Dr/Nurse/Pharmacist;Other;NCI CCR/Clinical Center;Public Inquiries;VA Social Media;CDC-BCCEDP;NCI DOC/Program;PACT Team/Primary Care Provider;Pharmacist;VA Email;CPEN Bulk Printing;Genetics Services;Mental Health Provider;Patient Advocate,""
incidents,customFields.c.referral_type_4,Referral 4,custom (c),true,object,"",,false,"","",Picklist,in use,166883,4680,2.8,,16646,25,NCI Contact Center;Smoking Quitline;Public Inquiries;POS;NCI DOC/Program;NCI-Designated Cancer Center;NCI CCR/Clinical Center;CDC-BCCEDP;Genetics Services;Other Healthcare Facility;National or Community Org/Other Gov Prog;International referral;Other;PACT Team/Primary Care Provider;Pharmacist;Mental Health Provider;Patient Advocate;Smokefree Vet/text Program;Publichealth.va.gov/smoking website;Stay Quit Coach app;VA Email;Dr/Nurse/Pharmacist/SW/HP;CPEN Bulk Printing;VA Social Media;Quit2Heal,This field's own list,21,Stay Quit Coach app;Smokefree Vet/text Program;Publichealth.va.gov/smoking website;National or Community Org/Other Gov Prog;Other Healthcare Facility;NCI Contact Center;VA Social Media;International referral;Smoking Quitline;Dr/Nurse/Pharmacist/SW/HP;PACT Team/Primary Care Provider;NCI-Designated Cancer Center;NCI CCR/Clinical Center;Other;VA Email;Public Inquiries;CDC-BCCEDP;NCI DOC/Program;Genetics Services;Mental Health Provider;Pharmacist,""
incidents,customFields.c.referral_type_6,Referral 6,custom (c),true,object,"",,false,"","",Picklist,historical only,166883,0,0.0,,8,20,CIS information service;Smoking Quitline;Public Inquiries;POS;NCI DOC/Program;NCI-Designated Cancer Center;NCI CCR/Clinical Center;NCCCP;CDC-BCCEDP;CDC-BCCEDP - Missouri;Genetics Services;Other Healthcare Facility;National or Community Org/Other Gov Prog;International referral;Other;PACT Team/Primary Care Provider;Smokefree Vet/text Program;Publichealth.va.gov/smoking website;Stay Quit Coach app;VA Email,This field's own list,,"",""
incidents,customFields.c.cancer_site_1,Cancer Site 1,custom (c),true,object,"",,false,"","",Picklist,in use,166883,137517,82.4,,1001469,48,"AIDS-related cancers;ALL;AML;Anal;Biliary tract;Bladder;Brain;Breast;Carcinoma of unknown primary;Cervical;CLL;CML;Colorectal;Endometrial/Uterine;Esophageal;Eye;Gastrointestinal carcinoid tumor/GIST;Head and neck;Hodgkin Lymphoma;Liver;Lung and Bronchus;Melanoma;Myeloma/Plasma cell neoplasm;Non-Hodgkin Lymphoma;Ovarian;Pancreas;Prostate;Renal (kidney) & renal pelvis;Skin cancer (nonmelanoma);Small intestine;Soft tissue;Stomach/Gastric;Thyroid;Other - Central nervous system;Other - Digestive;Other - Endocrine system;Other - Hematologic system;Other - Leukemia;Other - Lymphoma;Other - Musculoskeletal and connective;Other - Reproductive, female;Other - Reproductive, male;Other - Respiratory;Other - Urinary organs;Childhood cancers;Not applicable/No site mentioned;Other cancers;Disconnect/Break-Off",This field's own list,48,"Not applicable/No site mentioned;Disconnect/Break-Off;Breast;Lung and Bronchus;Colorectal;Prostate;Pancreas;Brain;Head and neck;Ovarian;Endometrial/Uterine;Soft tissue;Renal (kidney) & renal pelvis;Cervical;Melanoma;Non-Hodgkin Lymphoma;Bladder;Stomach/Gastric;Skin cancer (nonmelanoma);Liver;Myeloma/Plasma cell neoplasm;Other - Leukemia;Other cancers;Esophageal;Childhood cancers;Thyroid;Biliary tract;AML;Other - Hematologic system;Other - Musculoskeletal and connective;Other - Endocrine system;Other - Lymphoma;Other - Reproductive, female;Other - Digestive;Other - Reproductive, male;CLL;Anal;Carcinoma of unknown primary;ALL;Hodgkin Lymphoma;Gastrointestinal carcinoid tumor/GIST;Other - Central nervous system;Small intestine;CML;Other - Respiratory;Other - Urinary organs;Eye;AIDS-related cancers",""
incidents,customFields.c.cancer_site_2,Cancer Site 2,custom (c),true,object,"",,false,"","",Picklist,in use,166883,2136,1.3,,27394,47,"AIDS-related cancers;ALL;AML;Anal;Biliary tract;Bladder;Brain;Breast;Carcinoma of unknown primary;Cervical;CLL;CML;Colorectal;Endometrial/Uterine;Esophageal;Eye;Gastrointestinal carcinoid tumor/GIST;Head and neck;Hodgkin Lymphoma;Liver;Lung and Bronchus;Melanoma;Myeloma/Plasma cell neoplasm;Non-Hodgkin Lymphoma;Ovarian;Pancreas;Prostate;Renal (kidney) & renal pelvis;Skin cancer (nonmelanoma);Small intestine;Soft tissue;Stomach/Gastric;Thyroid;Other - Central nervous system;Other - Digestive;Other - Endocrine system;Other - Hematologic system;Other - Leukemia;Other - Lymphoma;Other - Musculoskeletal and connective;Other - Reproductive, female;Other - Reproductive, male;Other - Respiratory;Other - Urinary organs;Childhood cancers;Not applicable/No site mentioned;Other cancers",This field's own list,47,"Childhood cancers;Lung and Bronchus;Brain;Liver;Breast;Prostate;Colorectal;Melanoma;Other - Musculoskeletal and connective;Soft tissue;Renal (kidney) & renal pelvis;Ovarian;Cervical;Skin cancer (nonmelanoma);Other - Leukemia;Endometrial/Uterine;Pancreas;Bladder;Stomach/Gastric;Non-Hodgkin Lymphoma;Other - Endocrine system;Thyroid;Other cancers;Other - Lymphoma;Head and neck;Other - Reproductive, female;ALL;Myeloma/Plasma cell neoplasm;Other - Hematologic system;AML;Other - Reproductive, male;CLL;Hodgkin Lymphoma;Other - Central nervous system;Biliary tract;Other - Digestive;Eye;Anal;Esophageal;Gastrointestinal carcinoid tumor/GIST;Carcinoma of unknown primary;Other - Urinary organs;Small intestine;Not applicable/No site mentioned;AIDS-related cancers;CML;Other - Respiratory",""
incidents,customFields.c.cancer_site_3,Cancer Site 3,custom (c),true,object,"",,false,"","",Picklist,historical only,166883,0,0.0,,3540,47,"AIDS-related cancers;ALL;AML;Anal;Biliary tract;Bladder;Brain;Breast;Carcinoma of unknown primary;Cervical;CLL;CML;Colorectal;Endometrial/Uterine;Esophageal;Eye;Gastrointestinal carcinoid tumor/GIST;Head and neck;Hodgkin Lymphoma;Liver;Lung and Bronchus;Melanoma;Myeloma/Plasma cell neoplasm;Non-Hodgkin Lymphoma;Ovarian;Pancreas;Prostate;Renal (kidney) & renal pelvis;Skin cancer (nonmelanoma);Small intestine;Soft tissue;Stomach/Gastric;Thyroid;Other - Central nervous system;Other - Digestive;Other - Endocrine system;Other - Hematologic system;Other - Leukemia;Other - Lymphoma;Other - Musculoskeletal and connective;Other - Reproductive, female;Other - Reproductive, male;Other - Respiratory;Other - Urinary organs;Other cancers;Childhood cancers;Not applicable/No site mentioned",This field's own list,,"",""
incidents,customFields.c.subject_of_int_1,Subject 1,custom (c),true,object,"",,false,"","",Picklist,historical only,166883,0,0.0,,585395,93,"Environmental Risk Factors;Diet and Nutrition for Prevention;Exercise/Obesity for Prevention/Risk;Heredity/Genetics/Family History;Cessation Counseling/Information;Cigarettes;Cigars, Cigarillos, or Little Cigars;Pipes;Chewing Tobacco, Snuff, or Dip;Other Tobacco;Secondhand Smoke;Marijuana (recreational use);HPV;EMF- Cell Phones;EMF- Other;Screening Colonoscopy;Treatment/Side Effects;General Cancer Site Information;Hospital/Clinic/Physician/Second Opinion;Hospice/Palliative Care/Home Care/Suppli;Financial Assistance;Monetary/Personal Property Donations;Publication Request;Other Inquiry;Screening Mammogram;Diagnostic Mammogram;Pap Test;PSA Test;Diagnostic MRI for Breast;Screening Spiral CT for Lung;Screening MRI for Breast;Other Diagnostic Test;Other Screening Test;CT-General Information Only;CT-General Information & Search;CT-CCR Clinical Trials;CT-Results & Outcomes;Support Groups/Counseling Services;Emotional Wellness;Other Psychosocial Issue;Suicidal Client;Hormone Use and Cancer Risk;HIV/AIDS;Alcohol Use;Other Risk Factors;CAM-General Information;CAM-Biologically Based Products;CAM-Mind Body/Spirituality/Energy Med.;CAM-Manual Therapies;CAM-Whole Systems;CAM-Medical Marijuana;Body/Tissue/Hair Donations;Genetic Services;Report/Statistics;Proton Beam Radiation (txt/side effects);NCI Programs & Initiatives;Employment at NCI;NCI Budget;NCI Funding Opportunities;Scientific Materials for Researchers;NCI & ARRA;Problems with CT search;NCI-Other;NCI Logo Request;Artwork Request;E-cigs: General;NRT;Disconnect/Break-Off;Update NCI Materials;BRCAT/Other tools;Text permissions;Licensing requests;Formatting Requests;Broken Link;Citations (of NCI Resources);Quitpal and other apps;SEER-Other;FB Advertising (products/services);FB-Fundraising;FB-Other Language;FB-CAM Cures;Cancer.gov comments/questions;E-cigs: With Tobacco;E-cigs: Quit Aid;SEER Cancer Statistics Review;SEER Stats Tools;SEER Datasets & Software;SEER Hem & Lymph Neop. Database  Man.;SEER Coding and Staging Manual;SEER Registries/Training, etc.;CoVPN-COVID Quetions;CoVPN-General Study Questions;CoVPN-Interested In Registering",This field's own list,,"",""
incidents,customFields.c.subject_of_int_2,Subject 2,custom (c),true,object,"",,false,"","",Picklist,historical only,166883,0,0.0,,167532,92,"Environmental Risk Factors;Diet and Nutrition for Prevention;Exercise/Obesity for Prevention/Risk;Heredity/Genetics/Family History;Cessation Counseling/Information;Cigarettes;Cigars, Cigarillos, or Little Cigars;Pipes;Chewing Tobacco, Snuff, or Dip;Other Tobacco;Secondhand Smoke;Marijuana (recreational use);HPV;EMF- Cell Phones;EMF- Other;Screening Colonoscopy;Treatment/Side Effects;General Cancer Site Information;Hospital/Clinic/Physician/Second Opinion;Hospice/Palliative Care/Home Care/Suppli;Financial Assistance;Monetary/Personal Property Donations;Publication Request;Other Inquiry;Screening Mammogram;Diagnostic Mammogram;Pap Test;PSA Test;Diagnostic MRI for Breast;Screening Spiral CT for Lung;Screening MRI for Breast;Other Diagnostic Test;Other Screening Test;CT-General Information Only;CT-General Information & Search;CT-CCR Clinical Trials;CT-Results & Outcomes;Support Groups/Counseling Services;Emotional Wellness;Other Psychosocial Issue;Suicidal Client;Hormone Use and Cancer Risk;HIV/AIDS;Alcohol Use;Other Risk Factors;CAM-General Information;CAM-Biologically Based Products;CAM-Mind Body/Spirituality/Energy Med.;CAM-Manual Therapies;CAM-Whole Systems;CAM-Medical Marijuana;Body/Tissue/Hair Donations;Genetic Services;Report/Statistics;Proton Beam Radiation (txt/side effects);NCI Programs & Initiatives;Employment at NCI;NCI Budget;NCI Funding Opportunities;Scientific Materials for Researchers;NCI & ARRA;Problems with CT search;NCI-Other;NCI Logo Request;Artwork Request;E-cigs: General;NRT;Update NCI Materials;BRCAT/other tools;Text permissions;Licensing requests;Formatting requests;Broken link;Citation (of NCI resources);Quitpal and other apps;SEER-Other;FB-Advertising (products/services);FB-Fundraising;FB-Other Languages;FB-CAM Cures;Cancer.gov comments/questions;E-cigs: Quit Aid;E-cigs: With Tobacco;SEER Cancer Statistics Review;SEER Stats Tools;SEER Datasets & Software;SEER Hem and Lymph Neop. Database Man.;SEER Coding and Staging Manual;SEER Registries/training, etc.;CoVPN-COVID Questions;CoVPN-General Study Questions;CoVPN-Interested in Registering",This field's own list,,"",""
incidents,customFields.c.subject_of_int_3,Subject 3,custom (c),true,object,"",,false,"","",Picklist,historical only,166883,0,0.0,,48483,92,"Environmental Risk Factors;Diet and Nutrition for Prevention;Exercise/Obesity for Prevention/Risk;Heredity/Genetics/Family History;Cessation Counseling/Information;Cigarettes;Cigars, Cigarillos, or Little Cigars;Pipes;Chewing Tobacco, Snuff, or Dip;Other Tobacco;Secondhand Smoke;Marijuana (recreational use);HPV;EMF- Cell Phones;EMF- Other;Screening Colonoscopy;Treatment/Side Effects;General Cancer Site Information;Hospital/Clinic/Physician/Second Opinion;Hospice/Palliative Care/Home Care/Suppli;Financial Assistance;Monetary/Personal Property Donations;Publication Request;Other Inquiry;Screening Mammogram;Diagnostic Mammogram;Pap Test;PSA Test;Diagnostic MRI for Breast;Screening Spiral CT for Lung;Screening MRI for Breast;Other Diagnostic Test;Other Screening Test;CT-General Information Only;CT-General Information & Search;CT-CCR Clinical Trials;CT-Results & Outcomes;Support Groups/Counseling Services;Emotional Wellness;Other Psychosocial Issue;Suicidal Client;Hormone Use and Cancer Risk;HIV/AIDS;Alcohol Use;Other Risk Factors;CAM-General Information;CAM-Biologically Based Products;CAM-Mind Body/Spirituality/Energy Med.;CAM-Manual Therapies;CAM-Whole Systems;CAM-Medical Marijuana;Body/Tissue/Hair Donations;Genetic Services;Report/Statistics;Proton Beam Radiation (txt/side effects);NCI Programs & Initiatives;Employment at NCI;NCI Budget;NCI Funding Opportunities;Scientific Materials for Researchers;NCI & ARRA;Problems with CT search;NCI-Other;NCI Logo Request;Artwork Request;E-cigs: General;NRT;Update NCI Materials;BRCAT/other tools;Text permissions;Licensing requests;Formatting requests;Broken link;Citation (of NCI resources);Quitpal and other apps;SEER-Other;FB-Advertising (products/services);FB-Fundraising;FB-Other Languages;FB-CAM Cures;Cancer.gov comments/questions;E-cigs: Quit Aid;E-cigs: With Tobacco;SEER Cancer Statistics Review;SEER Stats Tools;SEER Datasets & Software;SEER Hem and Lymph Neop. Database Man.;SEER Coding and Staging Manual;SEER Registries/Training, etc.;CoVPN-COVID Questions;CoVPN-General Study Questions;CoVPN-Interested in Registering",This field's own list,,"",""
incidents,customFields.c.subject_of_int_4,Subject 4,custom (c),true,object,"",,false,"","",Picklist,historical only,166883,0,0.0,,10349,92,"Environmental Risk Factors;Diet and Nutrition for Prevention;Exercise/Obesity for Prevention/Risk;Heredity/Genetics/Family History;Cessation Counseling/Information;Cigarettes;Cigars, Cigarillos, or Little Cigars;Pipes;Chewing Tobacco, Snuff, or Dip;Other Tobacco;Secondhand Smoke;Marijuana (recreational use);HPV;EMF- Cell Phones;EMF- Other;Screening Colonoscopy;Treatment/Side Effects;General Cancer Site Information;Hospital/Clinic/Physician/Second Opinion;Hospice/Palliative Care/Home Care/Suppli;Financial Assistance;Monetary/Personal Property Donations;Publication Request;Other Inquiry;Screening Mammogram;Diagnostic Mammogram;Pap Test;PSA Test;Diagnostic MRI for Breast;Screening Spiral CT for Lung;Screening MRI for Breast;Other Diagnostic Test;Other Screening Test;CT-General Information Only;CT-General Information & Search;CT-CCR Clinical Trials;CT-Results & Outcomes;Support Groups/Counseling Services;Emotional Wellness;Other Psychosocial Issue;Suicidal Client;Hormone Use and Cancer Risk;HIV/AIDS;Alcohol Use;Other Risk Factors;CAM-General Information;CAM-Biologically Based Products;CAM-Mind Body/Spirituality/Energy Med.;CAM-Manual Therapies;CAM-Whole Systems;CAM-Medical Marijuana;Body/Tissue/Hair Donations;Genetic Services;Report/Statistics;Proton Beam Radiation (txt/side effects);NCI Programs & Initiatives;Employment at NCI;NCI Budget;NCI Funding Opportunities;Scientific Materials for Researchers;NCI & ARRA;Problems with CT search;NCI-Other;NCI Logo Request;Artwork Request;E-cigs: General;NRT;Update NCI Materials;BRCAT/other tools;Text permissions;Licensing requests;Formatting requests;Broken link;Citation (of NCI resources);Quitpal and other apps;SEER-Other;FB-Advertising (products/services);FB-Fundraising;FB-Other Languages;FB-CAM Cures;cancer.gov comments/questions;E-cigs: Quit Aid;E-cigs: With Tobacco;SEER Cancer Statistics;SEER Stats Tools;SEER Datasets & Software;SEER Hem and Lymph Neop. Database Man.;SEER Coding and Staging Manual;SEER Registries/Training, etc.;CoVPN-COVID Questions;CoVPN-General Study Questions;CoVPN-Interested in Registering",This field's own list,,"",""
incidents,customFields.c.subject_of_int_5,Subject 5,custom (c),true,object,"",,false,"","",Picklist,historical only,166883,0,0.0,,1009,68,"Environmental Risk Factors;Diet and Nutrition for Prevention;Exercise/Obesity for Prevention/Risk;Heredity/Genetics/Family History;Cessation Counseling/Information;Cigarettes;Cigars, Cigarillos, or Little Cigars;Pipes;Chewing Tobacco, Snuff, or Dip;Other Tobacco;Secondhand Smoke;Marijuana (recreational use);HPV;EMF- Cell Phones;EMF- Other;Screening Colonoscopy;Treatment/Side Effects;General Cancer Site Information;Hospital/Clinic/Physician/Second Opinion;Hospice/Palliative Care/Home Care/Suppli;Financial Assistance;Monetary/Personal Property Donations;Publication Request;Other Inquiry;Screening Mammogram;Diagnostic Mammogram;Pap Test;PSA Test;Diagnostic MRI for Breast;Screening Spiral CT for Lung;Screening MRI for Breast;Other Diagnostic Test;Other Screening Test;CT-General Information Only;CT-General Information & Search;CT-CCR Clinical Trials;CT-Results & Outcomes;Support Groups/Counseling Services;Emotional Wellness;Other Psychosocial Issue;Suicidal Client;Hormone Use and Cancer Risk;HIV/AIDS;Alcohol Use;Other Risk Factors;CAM-General Information;CAM-Biologically Based Products;CAM-Mind Body/Spirituality/Energy Med.;CAM-Manual Therapies;CAM-Whole Systems;Medical Marijuana;Body/Tissue/Hair Donations;Genetic Services;Report/Statistics;Proton Beam Radiation (txt/side effects);NCI Programs & Initiatives;Employment at NCI;NCI Budget;NCI Funding Opportunities;Scientific Materials for Researchers;NCI & ARRA;Cancer.gov Comments or Questions;Problems with CT search;NCI-Other;NCI Logo Request;Artwork Request;e-cigs;NRT",This field's own list,,"",""
incidents,customFields.c.arra_study_id,ARRA ID,custom (c),false,string,"",25,false,"","",Text(25),historical only,166883,0,0.0,,103,,"","",,"",""
incidents,customFields.c.arra_study,ARRA Study,custom (c),true,object,"",,false,"","",Picklist,historical only,166883,0,0.0,,472,3,Yes;Maybe;No Study,This field's own list,,"",""
incidents,customFields.c.contact_type,ContactType,custom (c),true,object,"",,false,"","",Picklist,in use,166883,49275,29.5,,771474,16,"Cancer patient - Untreated;Cancer patient - Treated;Cancer patient - Treatment Unknown;Spouse, Friend, Relative;General Public;Organization;Health Professional;Scientist/Researcher;Media;Cigarette Smoker;Relative/Friend of Tobacco User;Other Tobacco User;Student;Government/Congressional;Other/Unable to Ascertain;Disconnnect/Break-Off",This field's own list,1,Disconnnect/Break-Off,""
incidents,customFields.c.clinical_trials,Clinical Trials,custom (c),true,object,"",,false,"","",Picklist,rare (<1%),166883,16,0.0,,582961,4,Yes;No;N/A;Disconnect/Break-Off,This field's own list,1,N/A,""
incidents,customFields.c.internal_assigned,Internal Assigned Date,custom (c),false,string,date,,false,"","",Date,historical only,166883,0,0.0,,10192,,"","",,"",""
incidents,customFields.c.internal_due,Internal Due Date,custom (c),false,string,date,,false,"","",Date,historical only,166883,0,0.0,,10213,,"","",,"",""
incidents,customFields.c.point_of_access,Point of Access,custom (c),true,object,"",,false,"","",Picklist,in use,166883,166844,100.0,,1154870,4,Telephone;Email;LiveHelp;Social Media,This field's own list,4,Telephone;LiveHelp;Email;Social Media,""
incidents,customFields.c.promo_code,Promotion Code,custom (c),false,string,"",50,false,"","",Text(50),never used,166883,0,0.0,,0,,"","",,"",""
incidents,customFields.c.agree_study,Agree to  Terms of Study,custom (c),false,boolean,"",,false,"","",Checkbox,in use,166883,4282,2.6,3688,8955,,"","",,"","Checkbox: use checked_48mo, since Oracle stores unchecked as a value"
incidents,customFields.c.phone_request,Phone Call Requested,custom (c),false,boolean,"",,false,"",Caller would like to complete survey by telephone,Checkbox,historical only,166883,0,0.0,,1127,,"","",,"",""
incidents,customFields.c.lead_used,Lead,custom (c),true,object,"",,false,"",The primary lead used for this interaction,Picklist,in use,166883,137677,82.5,,743377,,"",Values are staff names and are not published,,"",""
incidents,customFields.c.cam_type,Type of CAM,custom (c),false,string,"",100,false,"","",Text(100),historical only,166883,0,0.0,,2008,,"","",,"",""
incidents,customFields.c.nci_doc,DOC,custom (c),true,object,"",,false,"","",Picklist,rare (<1%),166883,405,0.2,,1147,30,CCR-Center for Cancer Research;DCEG-Division of Cancer Epi & Genetics;DCB-Division fo Cancer Biology;DCCPS-Division of Cancer Control and Pop;DCP-Division fo Cancer Prevention;DCTD-Division of Cancer Tx & Diagnosis;DEA-Division of Extramural Activities;CBIIT-Center for Bio Informatics and Tec;CCG-Center for Cancer Genomics;CCT-Center for Cancer Training;CGH-Center for Global Health;CRCHD-Center to Reduce H. Disparities;CRS-Center for Research Strategy;CSSI-Center for Stratgic Sci. Initiative;CCCT-Coordinating Center for CT's;NCI-F-NCI at Frederick;OA-Office of Acquisitions;OAR-Office of Avocacy Relations;OBF-Office of Budget and Finance;OCC-Office of Cancer Centers;OCPL-Office of Comm & Pub. Liason;OGCR-Office of Gov. & Congres. Relations;OGA-Office of Grants Administration;OHAM-Office of HIV & AIDS Malignancy;OMPC-Office of Managment Policy & Comp.;SBIR & STTR-SBIR Development Center;TTC-Technology Transfer Center;NIH;Other Government;OD-Office of the Director,This field's own list,18,DCEG-Division of Cancer Epi & Genetics;OCPL-Office of Comm & Pub. Liason;NIH;OD-Office of the Director;CCR-Center for Cancer Research;DCTD-Division of Cancer Tx & Diagnosis;DCCPS-Division of Cancer Control and Pop;DCP-Division fo Cancer Prevention;OAR-Office of Avocacy Relations;Other Government;CBIIT-Center for Bio Informatics and Tec;CCCT-Coordinating Center for CT's;DCB-Division fo Cancer Biology;OGCR-Office of Gov. & Congres. Relations;CCG-Center for Cancer Genomics;NCI-F-NCI at Frederick;OBF-Office of Budget and Finance;OCC-Office of Cancer Centers,""
incidents,customFields.c.participant_id,Participant ID,custom (c),false,integer,"",,false,"","",Number,in use,166883,166874,100.0,,1167289,,"","",,"",""
incidents,customFields.c.service_number,Service Number,custom (c),true,object,"",,false,"","",Picklist,in use,166883,67859,40.7,,514801,8,4CANCER;44U QUIT;QUIT NOW;PIQ;Proact Study Number;VA Quit Smoking;NIDCD;CCR,This field's own list,6,4CANCER;VA Quit Smoking;44U QUIT;CCR;QUIT NOW;PIQ,""
incidents,customFields.c.chat_type_request,Type of Chat Request,custom (c),true,object,"",,false,"","",Picklist,in use,166883,45512,27.3,,325795,3,Assistance with Quitting Smoking;Cancer Support;Clinical Trials,This field's own list,3,Assistance with Quitting Smoking;Clinical Trials;Cancer Support,""
incidents,customFields.c.call_back_interest,Interested In Call Back?,custom (c),false,boolean,"",,false,"","",Checkbox,in use,166883,6302,3.8,5306,16344,,"","",,"","Checkbox: use checked_48mo, since Oracle stores unchecked as a value"
incidents,customFields.c.demographics,Collect Demographics,custom (c),false,boolean,"",,false,"","",Checkbox,in use,166883,166883,100.0,28470,894927,,"","",,"","Checkbox: use checked_48mo, since Oracle stores unchecked as a value"
incidents,customFields.c.terms_service,Agree toTerms of Service,custom (c),false,boolean,"",,false,"","",Checkbox,in use,166883,2550,1.5,2325,6619,,"","",,"","Checkbox: use checked_48mo, since Oracle stores unchecked as a value"
incidents,customFields.c.locating_nci,How did you locate NCI?,custom (c),true,object,"",,false,"","",Picklist,in use,166883,75657,45.3,,386953,120,"Relative/friend;Health professional;TV;Radio;Magazine;Newspaper;NCI publications;Organization/community group;ACS (American Cancer Society);CIS parent institution;CDC (Centers for Disease Control);NCI-designated cancer center;Other 800 service;State health department;Phone book/directory assistance;Internet;Live Help;Cancer.gov;NCI Facebook;Other Facebook;NCI Twitter;Other Twitter;NCI YouTube;Other YouTube;App;Smokefree QuitGuide App;Other printed source;Other;“I just know it"";Did Not Ask;Refused;VA Provider;VA Website;VA Print Materials;Other Veterans;VA Social Media;SmokefreeVet/Text Program;VA Email;State Quitline;Vet Center;Research Study;Disconnect/Break-Off;Residential Program/Dom/Domiciliary;Smokefree.gov;Exempt;Every Try Counts;Telequit;SWOG Tweet;Warm Transfer from VA Provider;VA Proactive-Lexington;VA Proactive-Puget Sound;CIS Promotion;VA Proactive-Madison;Follow-Up Survey Re-engagement;VA Proactive-Milwaukee;VA Proactive-San Diego;VA Proactive-Puerto Rico;VA Media Promotion;VA Proactive-Tomah;VA Proactive-Charleston;VA Proactive-N Florida/S Georgia;VA Proactive-Tennessee Valley;VA Proactive-Augusta;VA Proactive-Fayatteville AR;VA Proactive-Gainesville;VA Proactive-Lake City;VA Proactive-Jacksonville;VA Proactive-Nashville;VA Proactive-Murfreesboro;VA Proactive-Temple;VA Proactive-Minneapolis;VA Proactive-Tampa;VA Proactive-Lebanon;VA Proactive-Syracuse;VA Proactive-Denver;VA Proactive-SmokefreeVet Text;VA Proactive-Maryland;FLOTUS;VA Proactive - Alaska;VA Proactive - Phoenix;VA Proactive - Louisville;VA Proactive – Boise;VA Proactive - Ann Arbor;VA Proactive - Central Iowa;VA Proactive - Durham;VA Proactive - Salem;VA Proactive - Houston;VA Proactive - Texas VCB;VA Proactive - Truman Columbia, MO;VA Proactive - Central Western Mass;VA Proactive - Montana VAMC;VA Proactive - Maine VAMC;VA Proactive - Black Hills;VA Proactive - Omaha;VA Proactive - Columbia SC;VA Proactive - Mountain Home TN;VA Proactive - Butler, PA;VA Proactive - Spokane;VA Proactive - Sioux Falls, SD;VA Proactive - Coatesville, PA;VA Proactive - VISN 4 CRH PA;VA Proactive - Orlando;VA Proactive - Boston;VA Proactive - Prescott VAMC, AZ;VA Proactive - Richmond VAMC;VA Proactive – Dayton, OH;VA Proactive - Fargo, ND;VA Proactive - Hines VAMC, IL;VA Proactive - Reno, NV;VA Proactive - Washington, DC;VA Proactive - North Texas HCS;VA Proactive - Walla Walla;VA Proactive - Palo Alto, CA;Multicare;VA Proactive - V16 CRH LCS (TX, LA);VA Proactive - Biloxi, MS;VA Proactive - Atlanta, GA;VA Proactive - San Francisco VAMC;VA Proactive - Long Beach CA VAMC;VA Proactive - South Texas VA",This field's own list,105,"Disconnect/Break-Off;Exempt;Telequit;Internet;Did Not Ask;VA Provider;Health professional;Other;VA Proactive-Puget Sound;VA Proactive-SmokefreeVet Text;VA Website;Relative/friend;VA Proactive-San Diego;VA Print Materials;VA Proactive-Maryland;VA Proactive - North Texas HCS;VA Proactive - Durham;Organization/community group;Refused;VA Proactive-Jacksonville;VA Proactive - Washington, DC;“I just know it"";NCI-designated cancer center;VA Proactive-Minneapolis;VA Proactive-Milwaukee;VA Proactive-Denver;VA Proactive-Gainesville;VA Proactive-Madison;Other printed source;VA Proactive - Houston;VA Proactive - Palo Alto, CA;VA Proactive - Texas VCB;VA Proactive - Louisville;VA Proactive - Coatesville, PA;Follow-Up Survey Re-engagement;VA Proactive-Fayatteville AR;VA Proactive-Lebanon;NCI publications;VA Proactive-Temple;VA Proactive-Lexington;VA Proactive - Omaha;CIS parent institution;VA Proactive-Tomah;VA Proactive - Mountain Home TN;VA Proactive - Maine VAMC;VA Proactive - Ann Arbor;VA Proactive - V16 CRH LCS (TX, LA);Vet Center;VA Proactive - Salem;VA Proactive - Richmond VAMC;VA Proactive-Puerto Rico;Other 800 service;VA Proactive - Central Iowa;Cancer.gov;VA Proactive - Hines VAMC, IL;VA Proactive - Phoenix;TV;VA Proactive - Alaska;SmokefreeVet/Text Program;State Quitline;Phone book/directory assistance;ACS (American Cancer Society);VA Proactive – Boise;VA Proactive - Sioux Falls, SD;VA Proactive-Syracuse;VA Proactive - Columbia SC;VA Proactive - Black Hills;VA Proactive-N Florida/S Georgia;Multicare;VA Proactive - Orlando;VA Proactive - Walla Walla;VA Social Media;VA Proactive - Boston;VA Proactive - Truman Columbia, MO;VA Proactive - Prescott VAMC, AZ;VA Proactive - Spokane;VA Email;VA Proactive - San Francisco VAMC;Other Facebook;Other Veterans;VA Proactive - Fargo, ND;VA Proactive - Montana VAMC;Research Study;VA Proactive - Reno, NV;Magazine;VA Proactive - Long Beach CA VAMC;VA Proactive - South Texas VA;State health department;VA Proactive – Dayton, OH;NCI Facebook;Warm Transfer from VA Provider;CDC (Centers for Disease Control);VA Media Promotion;App;Newspaper;Radio;Live Help;Smokefree.gov;VA Proactive - Atlanta, GA;NCI YouTube;Other Twitter;VA Proactive - VISN 4 CRH PA;VA Proactive-Charleston;Other YouTube;Smokefree QuitGuide App",""
incidents,customFields.c.used_svc_before,Used Service Before?,custom (c),true,object,"",,false,"","",Picklist,in use,166883,72309,43.3,,388961,7,Yes;No;Unsure;Did Not Ask;Refused;Disconnect/Break-Off;Exempt,This field's own list,7,Disconnect/Break-Off;No;Exempt;Yes;Did Not Ask;Refused;Unsure,""
incidents,customFields.c.smoking_counseling,Provided Counseling,custom (c),true,object,"",,false,"","",Picklist,in use,166883,68177,40.9,,328658,4,Yes;No;Disconnect/Break-Off;Scheduled Intake,This field's own list,4,Disconnect/Break-Off;No;Yes;Scheduled Intake,""
incidents,customFields.c.zip_code_demo,Zip Code,custom (c),false,string,"",10,false,"","",Text(10),in use,166883,69248,41.5,,357382,,"","",,"",""
incidents,customFields.c.why_no_counsel_other,Other,custom (c),false,string,"",150,false,"","",Text(150),in use,166883,1695,1.0,,4867,,"","",,"",""
incidents,customFields.c.cancer_gov_subject,Cancer.gov Subject,custom (c),false,string,"",75,false,"","",Text(75),never used,166883,0,0.0,,0,,"","",,"",""
incidents,customFields.c.exempt,Exempt,custom (c),true,object,"",,false,"","",Picklist,in use,166883,13614,8.2,,42007,15,Distressed/Irate;Wrong Number;Caller Ends Conversation;Communication Issues;Organization;Health Professional;Scientist/Researcher;Media;Student;Government/Congressional;Under 18;Break-Off;Repeat Caller (VA Only);International;No Answer (Proactive Calls),This field's own list,15,Break-Off;No Answer (Proactive Calls);Repeat Caller (VA Only);Caller Ends Conversation;Wrong Number;Communication Issues;Health Professional;Organization;Distressed/Irate;International;Scientist/Researcher;Student;Under 18;Government/Congressional;Media,""
incidents,customFields.c.no_counseling,Why No Counseling?,custom (c),true,object,"",,false,"","",Picklist,in use,166883,9171,5.5,,22981,9,Relative/Friend;Other VA Service Question;NRT Request Question;HP/Organization;General Questions about Program;Maintenance/Support Call;Other;In-Person Cessation Classes/Groups;Not Interested,This field's own list,9,Maintenance/Support Call;NRT Request Question;Other;Not Interested;General Questions about Program;Other VA Service Question;In-Person Cessation Classes/Groups;HP/Organization;Relative/Friend,""
incidents,customFields.c.offeredstudies,Offered Studies,custom (c),false,string,"",255,false,"","",Text(255),in use,166883,30227,18.1,,109178,,"","",,"",""
incidents,customFields.c.smoking_frequency,Smoking Frequency,custom (c),true,object,"",,false,"","Do you currently smoke cigarettes, everyday, some days or not at all?",Picklist,in use,166883,6668,4.0,,11615,3,Everday;Some Days;Not At All,This field's own list,3,Everday;Not At All;Some Days,""
incidents,customFields.c.skippedstudies,Skipped Studies,custom (c),false,string,"",255,false,"","",Text(255),in use,166883,34328,20.6,,203572,,"","",,"",""
incidents,customFields.c.last_smoked,Last Time,custom (c),false,string,date,,false,"","When was the last time you smoked a cigarette, even a puff? (If exact date is uknown, use the 15th of the month)",Date,in use,166883,1714,1.0,,3453,,"","",,"",""
incidents,customFields.c.va_promo,Which VA Facility?,custom (c),true,object,"",,false,"","",Picklist,historical only,166883,0,0.0,,7,4,Walla Walla;American Lake;Palo Alto;Other,This field's own list,,"",""
incidents,customFields.c.other_products,Other Products Used?,custom (c),true,object,"",,false,"",Do you currently use any other tobacco products?,Picklist,in use,166883,6738,4.0,,11663,7,Cigars;Pipes;Chewing Tobacco or Snuff;e-cigs/vapes;Other;None;Nicotine Pouches,This field's own list,7,None;e-cigs/vapes;Other;Cigars;Chewing Tobacco or Snuff;Nicotine Pouches;Pipes,""
incidents,customFields.c.last_90_days,In the last 90 days?,custom (c),false,boolean,"",,false,"",Have you contacted us in the last 90 days?,Checkbox,in use,166883,2163,1.3,1540,5108,,"","",,"","Checkbox: use checked_48mo, since Oracle stores unchecked as a value"
incidents,customFields.c.others,Any Other?,custom (c),false,string,"",100,false,"",List any other tobacco products used.,Text(100),rare (<1%),166883,290,0.2,,411,,"","",,"",""
incidents,customFields.c.notes,Notes,custom (c),false,string,"",1333,false,"","",Text Area (Long),in use,166883,19799,11.9,,76232,,"","",,"",""
incidents,customFields.c.od_source,Source,custom (c),true,object,"",,false,"",od,Picklist,historical only,166883,0,0.0,,7,6,NIH Controlled Correspondence;DHHS Controlled Correspondence;Director's Correspondence;Inquiry Referred by CIS;Other;Customer Response,This field's own list,,"",""
incidents,customFields.c.od_subject_1,Subject1,custom (c),true,object,"",,false,"",od,Picklist,historical only,166883,0,0.0,,5,9,Funding;Grants;Invitations;Pediatric Cancer;Policy;Programs & Priorities;Theories;Training;Other,This field's own list,,"",""
incidents,customFields.c.od_subject_2,Subject2,custom (c),true,object,"",,false,"",od,Picklist,historical only,166883,0,0.0,,1,9,Funding;Grants;Invitations;Pediatric Cancer;Policy;Programs & Priorities;Theories;Training;Other,This field's own list,,"",""
incidents,customFields.c.od_subject_3,Subject3,custom (c),true,object,"",,false,"",od,Picklist,never used,166883,0,0.0,,0,9,Funding;Grants;Invitations;Pediatric Cancer;Policy;Programs & Priorities;Theories;Training;Other,This field's own list,,"",""
incidents,customFields.c.od_cancer_site_1,Cancer Site1,custom (c),true,object,"",,false,"",od,Picklist,historical only,166883,0,0.0,,1,13,Bladder;Breast;Colon & Rectal;Endometrial;Kidney;Leukemia;Lung;Melanoma;Non-hodgkin Lymphoma;Pancreatic;Prostate;Thyroid;Other,This field's own list,,"",""
incidents,customFields.c.od_cancer_site_2,Cancer Site2,custom (c),true,object,"",,false,"",od,Picklist,never used,166883,0,0.0,,0,13,Bladder;Breast;Colon & Rectal;Endometrial;Kidney;Leukemia;Lung;Melanoma;Non-hodgkin Lymphoma;Pancreatic;Prostate;Thyroid;Other,This field's own list,,"",""
incidents,customFields.c.od_cancer_site_3,Cancer Site3,custom (c),true,object,"",,false,"",od,Picklist,never used,166883,0,0.0,,0,13,Bladder;Breast;Colon & Rectal;Endometrial;Kidney;Leukemia;Lung;Melanoma;Non-hodgkin Lymphoma;Pancreatic;Prostate;Thyroid;Other,This field's own list,,"",""
incidents,customFields.c.od_action_1,Action1,custom (c),true,object,"",,false,"",od,Picklist,historical only,166883,0,0.0,,3,6,None;Sent Information by Mail;Emailed Information;Social Media Post;Warm Transfer Org/Agency;Other,This field's own list,,"",""
incidents,customFields.c.od_action_2,Action2,custom (c),true,object,"",,false,"",od,Picklist,never used,166883,0,0.0,,0,6,None;Sent Information by Mail;Emailed Information;Social Media Post;Warm Transfer Org/Agency;Other,This field's own list,,"",""
incidents,customFields.c.od_action_3,Action3,custom (c),true,object,"",,false,"",od,Picklist,never used,166883,0,0.0,,0,6,None;Sent Information by Mail;Emailed Information;Social Media Post;Warm Transfer Org/Agency;Other,This field's own list,,"",""
incidents,customFields.c.ct_cancer_type,Cancer Type,custom (c),true,object,"",,false,"","If a type of ""other"" please be sure to make note of specific type",Picklist,in use,166883,6529,3.9,,17766,49,"AIDS-related cancers;ALL;AML;Anal;Biliary tract;Bladder;Brain;Breast;Carcinoma of unknown primary;Cervical;CLL;CML;Colon;Endometrial/Uterine;Esophageal;Eye;Gastrointestinal carcinoid tumor/GIST;Head and neck;Hodgkin Lymphoma;Liver;Lung and Bronchus;Melanoma;Myeloma/Plasma cell neoplasm;Non-Hodgkin Lymphoma;Ovarian;Pancreas;Prostate;Rectal;Renal (kidney) & renal pelvis;Skin cancer (nonmelanoma);Small intestine;Soft tissue;Stomach/Gastric;Thyroid;Other - Central nervous system;Other - Digestive;Other - Endocrine system;Other - Hematologic system;Other - Leukemia;Other - Lymphoma;Other - Musculoskeletal and connective;Other - Reproductive, female;Other - Reproductive, male;Other - Respiratory;Other - Urinary organs;Childhood cancers;Not applicable/No site mentioned;Other cancers;Disconnect/Break-Off",This field's own list,48,"Pancreas;Breast;Colon;Prostate;Brain;Lung and Bronchus;Ovarian;Soft tissue;Head and neck;Endometrial/Uterine;Rectal;Renal (kidney) & renal pelvis;Melanoma;Esophageal;Non-Hodgkin Lymphoma;Stomach/Gastric;Bladder;Biliary tract;Other cancers;AML;Liver;Other - Endocrine system;Cervical;Other - Digestive;Myeloma/Plasma cell neoplasm;Anal;Carcinoma of unknown primary;Thyroid;Other - Hematologic system;Other - Musculoskeletal and connective;Other - Leukemia;Skin cancer (nonmelanoma);CLL;Not applicable/No site mentioned;Other - Reproductive, female;Small intestine;Gastrointestinal carcinoid tumor/GIST;ALL;Other - Lymphoma;Other - Reproductive, male;Other - Respiratory;Childhood cancers;Other - Urinary organs;Eye;Hodgkin Lymphoma;Other - Central nervous system;CML;AIDS-related cancers",""
incidents,customFields.c.ct_searcher,CT Searcher,custom (c),true,object,"",,false,"",The person who conducted the CT search,Picklist,in use,166883,166878,100.0,,228885,,"",Values are staff names and are not published,,"",""
incidents,customFields.c.ct_stage,Stage,custom (c),false,string,"",40,false,"","",Text(40),in use,166883,5608,3.4,,15077,,"","",,"",""
incidents,customFields.c.ct_datedx,Date of Diagnosis,custom (c),false,string,date,,false,"","",Date,in use,166883,5815,3.5,,15649,,"","",,"",""
incidents,customFields.c.ct_daterx,Date of Recurrence,custom (c),false,string,date,,false,"","",Date,rare (<1%),166883,1350,0.8,,4166,,"","",,"",""
incidents,customFields.c.ct_celltype,Cell Type,custom (c),false,string,"",50,false,"","",Text(50),in use,166883,2279,1.4,,5566,,"","",,"",""
incidents,customFields.c.ct_grade,Grade,custom (c),false,string,"",50,false,"","",Text(50),rare (<1%),166883,1302,0.8,,3160,,"","",,"",""
incidents,customFields.c.ct_age,Patient's Age,custom (c),false,integer,"",,false,"","",Number,in use,166883,6086,3.6,,16485,,"","",,"",""
incidents,customFields.c.ct_menopause,Menopausal Status,custom (c),true,object,"",,false,"","",Picklist,rare (<1%),166883,205,0.1,,708,3,Pre;Peri;Post,This field's own list,3,Post;Pre;Peri,""
incidents,customFields.c.ct_radius,Radius,custom (c),true,object,"",,false,"",The maximum radius the patient is willing to travel,Picklist,in use,166883,2441,1.5,,9648,6,20;50;100;200;500;Entire US,This field's own list,6,Entire US;200;100;500;50;20,""
incidents,customFields.c.ct_state,State/Insitution/City,custom (c),false,string,"",50,false,"","",Text(50),in use,166883,3643,2.2,,8798,,"","",,"",""
incidents,customFields.c.ct_zipcode,CT Zip Code,custom (c),false,string,"",50,false,"","",Text(50),in use,166883,4751,2.8,,14089,,"","",,"",""
incidents,customFields.c.ct_treatmenttype,Specific Treatmen/Trial,custom (c),false,string,"",50,false,"","",Text(50),in use,166883,2132,1.3,,5440,,"","",,"",""
incidents,customFields.c.ct_lymph,# Lymph Nodes,custom (c),false,integer,"",,false,"","",Number,historical only,166883,0,0.0,,379,,"","",,"",""
incidents,customFields.c.ct_mets,Site(s) of Metastasis,custom (c),false,string,"",50,false,"","Liver, Lung, Brain(tx or untx),Bones, or other",Text(50),in use,166883,4855,2.9,,12964,,"","",,"",""
incidents,customFields.c.ct_hxstatus,ER/PR/HER-2 Status,custom (c),false,string,"",50,false,"","",Text(50),rare (<1%),166883,739,0.4,,1912,,"","",,"",""
incidents,customFields.c.ct_txhistory,Treatment History,custom (c),false,string,"",1333,false,"","Include dates, type of tx-chemotherapy names, setting(adj, prim or met)",Text Area (Long),in use,166883,6644,4.0,,17741,,"","",,"",""
incidents,customFields.c.ct_typedetails,Other Details,custom (c),false,string,"",50,false,"","",Text(50),in use,166883,4166,2.5,,10380,,"","",,"",""
incidents,customFields.c.ct_nihcc,NIH Clinical Center,custom (c),false,boolean,"",,false,"","",Checkbox,rare (<1%),166883,429,0.3,411,2238,,"","",,"","Checkbox: use checked_48mo, since Oracle stores unchecked as a value"
incidents,customFields.c.ct_prior_cancers,Prior Cancers,custom (c),false,string,"",50,false,"",Include dates or prior cancers,Text(50),in use,166883,5094,3.1,,12189,,"","",,"",""
incidents,customFields.c.ct_trial_type,Type of Trial,custom (c),true,object,"",,false,"","",Picklist,in use,166883,115751,69.4,,306940,7,Treatment;Diagnostic;Prevention;Screening;Genetics;Supportive Care;CAM,This field's own list,7,Treatment;Screening;Prevention;Supportive Care;Diagnostic;CAM;Genetics,""
incidents,customFields.c.ct_search_review,Search Review Notes,custom (c),false,string,"",1333,false,"","",Text Area (Long),historical only,166883,0,0.0,,64,,"","",,"",""
incidents,customFields.c.ct_link,Final CT Link,custom (c),false,string,"",1333,false,"","",Text Area (Long),never used,166883,0,0.0,,0,,"","",,"",""
incidents,customFields.c.ct_link_sent,CT Link Sent,custom (c),false,string,"",255,false,"",Separate mutliple links by a semicolon,Text(255),in use,166883,4443,2.7,,8100,,"","",,"",""
incidents,customFields.c.no_cb,No Call Backs,custom (c),true,object,"",,false,"","",Picklist,in use,166883,1765,1.1,,3280,4,Did Not Ask;Refused;Not Eligible;Disconnected,This field's own list,4,Not Eligible;Disconnected;Did Not Ask;Refused,""
incidents,customFields.c.client_type,Client Type,custom (c),true,object,"",,false,"","",Picklist,in use,166883,137541,82.4,,415932,14,"Cancer patient;Spouse, Friend, Relative;General Public;Organization;Health Professional;Scientist/Researcher;Media;Cigarette Smoker;Relative/Friend of Tobacco User;Other Tobacco User;Student;Government/Congressional;Other/Unable to Ascertain;Disconnnect/Break-Off",This field's own list,14,"Disconnnect/Break-Off;Cigarette Smoker;Spouse, Friend, Relative;Cancer patient;General Public;Other Tobacco User;Other/Unable to Ascertain;Organization;Health Professional;Scientist/Researcher;Student;Relative/Friend of Tobacco User;Government/Congressional;Media",""
incidents,customFields.c.cancer_continuum,Cancer Continuum,custom (c),true,object,"",,false,"","",Picklist,in use,166883,137522,82.4,,415676,9,General Public/Undiagnosed;Screening;Diagnostic;Staging;Treatment;Post-Treatment;End-of-Life;N/A;Break-Off/Disconnect,This field's own list,9,N/A;Treatment;Break-Off/Disconnect;General Public/Undiagnosed;Diagnostic;Post-Treatment;Screening;Staging;End-of-Life,""
incidents,customFields.c.soi_1,Subj. 1,custom (c),true,object,"",,false,"","",Picklist,in use,166883,137541,82.4,,415953,73,"G-General Cancer Questions;G-Symptoms;G-Cancer Statistics/Epidimiological Stat;G-Prognosis;G-Research Donations;G-General Donations;G-Suicidal Client;G-Other Inquiries;CP-Risk Factors;CP-Genetics;CP-Prevention;Tests;TX-General Treatment;TX-Surgery;TX-Radiation Therapy;TX-Chemotherapy;TX-Immunotherapy;TX-Targeted Therapy;TX-Stem Cell Transplant;TX-Complementary/Alternative Therapy;Side Effects;CT-General Information & Search;CT-CCR Clinical Trials;CT-Results & Outcomes;Coping;MC-Finding Health Care Services;MC-Managing Costs/Medical System Info;MC-Palliative/Hospice Care;Publication Requests;SM-Cigarettes;SM-Cigars, Cigarillos & Little Cigars;SM-Pipes;SM-Chewing Tobacco;SM-Other Tobacco;NCI-About NCI;NCI-Key Initiatives;NCI-Budget;NCI-Problems with a CT Search;NCI-Permissions Requests;NCI-Other;SEER Cancer Statistics;SEER Datasets and Software;SEER Manuals;SEER Registries/Training etc.;SEER other;FB-Advertising (products/services);FB-Fundraising;FB-Other Languages;FB-CAM Cures;Disconnect/Break-Off;NCI-Risk Tools;NCI-QuitSTART and other Apps;NCI-Resources;SM-Marijuana (Recreational Use);SM-E-cigs;SM-NRT;SM-Cessation/Counseling Information;CT-General Information Only;TX-Hormone Therapy;CAM-Medical Marijuana;CAM-Diet Therapies & Dietary Supplements;CAM-Manual Therapies;CAM-Whole Systems;CAM-Mind/Body/Spirituality/Energy Med.;CAM-High Dose Vitamin C;G-COVID-19;CoVPN-Interested in Registering;CoVPN-General Study Questions;CoVPN-COVID Questions;CoVPN-Questions from Existing Registrant;CAM-Acupuncture/Acupressure;CAM-Misc.;SM-Nicotine Pouches",This field's own list,70,"Disconnect/Break-Off;SM-Cessation/Counseling Information;CT-General Information Only;MC-Finding Health Care Services;G-Other Inquiries;G-General Cancer Questions;NCI-Other;CT-General Information & Search;SM-NRT;CT-CCR Clinical Trials;MC-Managing Costs/Medical System Info;TX-General Treatment;Tests;Publication Requests;SM-Cigarettes;NCI-Resources;CP-Risk Factors;G-Symptoms;SM-E-cigs;Side Effects;SEER Datasets and Software;Coping;TX-Immunotherapy;G-COVID-19;NCI-Permissions Requests;NCI-About NCI;G-General Donations;TX-Chemotherapy;SEER Cancer Statistics;TX-Radiation Therapy;CAM-Diet Therapies & Dietary Supplements;TX-Surgery;G-Cancer Statistics/Epidimiological Stat;G-Research Donations;SEER other;SM-Other Tobacco;CAM-Misc.;CP-Prevention;NCI-Budget;G-Prognosis;CAM-High Dose Vitamin C;TX-Targeted Therapy;CP-Genetics;SM-Chewing Tobacco;TX-Hormone Therapy;TX-Complementary/Alternative Therapy;MC-Palliative/Hospice Care;SEER Registries/Training etc.;CT-Results & Outcomes;NCI-Risk Tools;TX-Stem Cell Transplant;NCI-Key Initiatives;CAM-Whole Systems;SM-Marijuana (Recreational Use);CAM-Medical Marijuana;SM-Cigars, Cigarillos & Little Cigars;FB-CAM Cures;CAM-Acupuncture/Acupressure;FB-Fundraising;CAM-Mind/Body/Spirituality/Energy Med.;G-Suicidal Client;NCI-QuitSTART and other Apps;SEER Manuals;NCI-Problems with a CT Search;CAM-Manual Therapies;CoVPN-COVID Questions;SM-Nicotine Pouches;CoVPN-General Study Questions;SM-Pipes;FB-Other Languages",""
incidents,customFields.c.soi_2,Subj. 2,custom (c),true,object,"",,false,"","",Picklist,in use,166883,23817,14.3,,66533,72,"G-General Cancer Questions;G-Symptoms;G-Cancer Statistics/Epidimiological Stat;G-Prognosis;G-Research Donations;G-General Donations;G-Suicidal Client;G-Other Inquiries;CP-Risk Factors;CP-Genetics;CP-Prevention;Tests;TX-General Treatment;TX-Surgery;TX-Radiation Therapy;TX-Chemotherapy;TX-Immunotherapy;TX-Targeted Therapy;TX-Stem Cell Transplant;TX-Complementary/Alternative Therapy;Side Effects;CT-General Information & Search;CT-CCR Clinical Trials;CT-Results & Outcomes;Coping;MC-Finding Health Care Services;MC-Managing Costs/Medical System Info;MC-Palliative/Hospice Care;Publication Requests;SM-Cigarettes;SM-Cigars, Cigarillos & Little Cigars;SM-Pipes;SM-Chewing Tobacco;SM-Other Tobacco;NCI-About NCI;NCI-Key Initiatives;NCI-Budget;NCI-Problems with a CT Search;NCI-Permissions Requests;NCI-Other;SEER Cancer Statistics;SEER Datasets and Software;SEER Manuals;SEER Registries/Training etc.;SEER other;FB-Advertising (products/services);FB-Fundraising;FB-Other Languages;FB-CAM Cures;NCI-Risk Tools;NCI-QuitSTART and other Apps;NCI-Resources;SM-Marijuana (Recreational Use);SM-E-cigs;SM-NRT;SM-Cessation/Counseling Information;CT-General Information Only;TX-Hormone Therapy;CAM-Medical Marijuana;CAM-Diet Therapies & Dietary Supplements;CAM-Manual Therapies;CAM-Whole Systems;CAM-Mind Body/Spirituality/Energey Med.;CAM-High Dose Vitamin C;G-COVID-19;CoVPN-COVID Questions;CoVPN-General Study Questions;CoVPN-Interested in Registering;CoVPN-Questions from Existing Registrant;CAM-Acupuncture/Acupressure;CAM-Misc.;SM-Nicotine Pouches",This field's own list,66,"SM-NRT;MC-Finding Health Care Services;TX-General Treatment;MC-Managing Costs/Medical System Info;SM-E-cigs;SM-Cigarettes;G-General Cancer Questions;CT-General Information Only;G-Other Inquiries;SM-Cessation/Counseling Information;Coping;Tests;TX-Immunotherapy;Side Effects;CP-Risk Factors;G-Symptoms;CT-General Information & Search;TX-Chemotherapy;CT-CCR Clinical Trials;SM-Chewing Tobacco;NCI-Other;TX-Radiation Therapy;TX-Surgery;TX-Targeted Therapy;MC-Palliative/Hospice Care;NCI-Resources;CP-Prevention;Publication Requests;CAM-Diet Therapies & Dietary Supplements;G-Prognosis;CAM-Misc.;CP-Genetics;SM-Cigars, Cigarillos & Little Cigars;TX-Hormone Therapy;SM-Other Tobacco;G-Cancer Statistics/Epidimiological Stat;NCI-About NCI;TX-Complementary/Alternative Therapy;CAM-High Dose Vitamin C;G-COVID-19;CT-Results & Outcomes;SEER Cancer Statistics;SEER Datasets and Software;SM-Marijuana (Recreational Use);CAM-Medical Marijuana;TX-Stem Cell Transplant;SEER other;G-Research Donations;NCI-Budget;SM-Nicotine Pouches;NCI-Permissions Requests;G-General Donations;CAM-Mind Body/Spirituality/Energey Med.;CAM-Whole Systems;CAM-Acupuncture/Acupressure;NCI-Key Initiatives;NCI-Risk Tools;CAM-Manual Therapies;SM-Pipes;G-Suicidal Client;FB-CAM Cures;FB-Fundraising;SEER Registries/Training etc.;CoVPN-COVID Questions;NCI-QuitSTART and other Apps;SEER Manuals",""
incidents,customFields.c.soi_3,Subj. 3,custom (c),true,object,"",,false,"","",Picklist,in use,166883,6097,3.7,,15460,72,"G-General Cancer Questions;G-Symptoms;G-Cancer Statistics/Epidimiological Stat;G-Prognosis;G-Research Donations;G-General Donations;G-Suicidal Client;G-Other Inquiries;CP-Risk Factors;CP-Genetics;CP-Prevention;Tests;TX-General Treatment;TX-Surgery;TX-Radiation Therapy;TX-Chemotherapy;TX-Immunotherapy;TX-Targeted Therapy;TX-Stem Cell Transplant;TX-Complementary/Alternative Therapy;Side Effects;CT-General Information & Search;CT-CCR Clinical Trials;CT-Results & Outcomes;Coping;MC-Finding Health Care Services;MC-Managing Costs/Medical System Info;MC-Palliative/Hospice Care;Publication Requests;SM-Cigarettes;SM-Cigars, Cigarillos & Little Cigars;SM-Pipes;SM-Chewing Tobacco;SM-Other Tobacco;NCI-About NCI;NCI-Key Initiatives;NCI-Budget;NCI-Problems with a CT Search;NCI-Permissions Requests;NCI-Other;SEER Cancer Statistics;SEER Datasets and Software;SEER Manuals;SEER Registries/Training etc.;SEER other;FB-Advertising (products/services);FB-Fundraising;FB-Other Languages;FB-CAM Cures;NCI-Risk Tools;NCI-QuitSTART and other Apps;NCI-Resources;SM-Marijuana (Recreational Use);SM-E-cigs;SM-NRT;SM-Cessation/Counseling Information;CT-General Information Only;TX-Hormone Therapy;CAM-Medical Marijuana;CAM-Diet Therapies & Dietary Supplements;CAM-Manual Therapies;CAM-Whole Systems;CAM-Mind/Body/Spirituality/Energy Med.;CAM-High Dose Vitamin C;G-COVID-19;CoVPN-COVID Questions;CoVPN-General Study Questions;CoVPN-Interested in Registry;CoVPN-Question from Existing Registrant;CAM-Acupuncture/Acupressure;CAM-Misc.;SM-Nicotine Pouches",This field's own list,60,"SM-NRT;MC-Finding Health Care Services;MC-Managing Costs/Medical System Info;TX-General Treatment;Coping;SM-Cigarettes;CT-General Information Only;G-General Cancer Questions;SM-E-cigs;Tests;Side Effects;TX-Immunotherapy;SM-Cessation/Counseling Information;TX-Chemotherapy;G-Other Inquiries;TX-Radiation Therapy;CP-Risk Factors;G-Symptoms;MC-Palliative/Hospice Care;TX-Targeted Therapy;SM-Chewing Tobacco;CAM-Diet Therapies & Dietary Supplements;TX-Surgery;G-Prognosis;CT-CCR Clinical Trials;CP-Genetics;TX-Hormone Therapy;CAM-Misc.;CP-Prevention;SM-Cigars, Cigarillos & Little Cigars;TX-Complementary/Alternative Therapy;G-Cancer Statistics/Epidimiological Stat;CT-General Information & Search;Publication Requests;SM-Marijuana (Recreational Use);SM-Other Tobacco;NCI-About NCI;NCI-Resources;NCI-Other;CAM-High Dose Vitamin C;G-COVID-19;TX-Stem Cell Transplant;SM-Nicotine Pouches;CAM-Acupuncture/Acupressure;CAM-Medical Marijuana;CT-Results & Outcomes;G-Research Donations;SEER Cancer Statistics;CAM-Mind/Body/Spirituality/Energy Med.;G-General Donations;G-Suicidal Client;CAM-Manual Therapies;CAM-Whole Systems;SM-Pipes;FB-CAM Cures;NCI-Budget;NCI-QuitSTART and other Apps;SEER Datasets and Software;SEER other;SEER Registries/Training etc.",""
incidents,customFields.c.soi_4,Subj. 4,custom (c),true,object,"",,false,"","",Picklist,rare (<1%),166883,1109,0.7,,2737,70,"G-General Cancer Questions;G-Symptoms;G-Cancer Statistics/Epidimiological Stat;G-Prognosis;G-Research Donations;G-General Donations;G-Suicidal Client;G-Other Inquiries;CP-Risk Factors;CP-Genetics;CP-Prevention;Tests;TX-General Treatment;TX-Surgery;TX-Radiation Therapy;TX-Chemotherapy;TX-Immunotherapy;TX-Targeted Therapy;TX-Stem Cell Transplant;TX-Complementary/Alternative Therapy;Side Effects;CT-General Information & Search;CT-CCR Clinical Trials;CT-Results & Outcomes;Coping;MC-Finding Health Care Services;MC-Managing Costs/Medical System Info;MC-Palliative/Hospice Care;Publication Requests;SM-Cigarettes;SM-Cigars, Cigarillos & Little Cigars;SM-Pipes;SM-Chewing Tobacco;SM-Other Tobacco;NCI-About NCI;NCI-Key Initiatives;NCI-Budget;NCI-Problems with a CT Search;NCI-Permissions Requests;NCI-Other;SEER Cancer Statistics;SEER Datasets and Software;SEER Manuals;SEER Registries/Training etc.;SEER other;FB-Advertising (products/services);FB-Fundraising;FB-Other Languages;FB-CAM Cures;NCI-Risk Tools;NCI-QuitSTART and other Apps;NCI-Resources;SM-Marijuana (Recreational Use);SM-E-cigs;SM-NRT;SM-Cessation/Counseling Information;CT-General Information Only;TX-Hormone Therapy;CAM-Medical Marijuana;CAM-Biological Based Products;CAM-Manual Therapies;CAM-Whole Systems;CAM-Mind/Body/Spirituality/Energy Med.;CAM-High Dose Vitamin C;G-COVID-19;CoVPN-COVID Questions;CoVPN-General Study Questions;CoVPN-Interested in Registering;CoVPN-Question from Existing Registrant;SM-Nicotine Pouches",This field's own list,50,"Coping;MC-Finding Health Care Services;MC-Managing Costs/Medical System Info;TX-General Treatment;CT-General Information Only;Side Effects;SM-NRT;Tests;CT-CCR Clinical Trials;MC-Palliative/Hospice Care;TX-Immunotherapy;TX-Chemotherapy;TX-Targeted Therapy;G-General Cancer Questions;G-Symptoms;TX-Radiation Therapy;G-Prognosis;CP-Risk Factors;SM-E-cigs;CP-Genetics;TX-Surgery;TX-Complementary/Alternative Therapy;G-Other Inquiries;TX-Hormone Therapy;Publication Requests;SM-Cigarettes;SM-Marijuana (Recreational Use);SM-Cessation/Counseling Information;CAM-High Dose Vitamin C;CAM-Whole Systems;CP-Prevention;G-Cancer Statistics/Epidimiological Stat;SM-Chewing Tobacco;CAM-Mind/Body/Spirituality/Energy Med.;SM-Cigars, Cigarillos & Little Cigars;TX-Stem Cell Transplant;CT-General Information & Search;CT-Results & Outcomes;NCI-Resources;SEER Cancer Statistics;SM-Other Tobacco;CAM-Biological Based Products;G-COVID-19;NCI-About NCI;NCI-Other;CAM-Medical Marijuana;FB-CAM Cures;SEER Datasets and Software;SM-Nicotine Pouches;SM-Pipes",""
incidents,customFields.c.cts,CT's,custom (c),true,object,"",,false,"","",Picklist,in use,166883,137474,82.4,,415414,4,Client Initiated;IS Initiated;N/A;Disconnect/Break-Off,This field's own list,4,N/A;Disconnect/Break-Off;Client Initiated;IS Initiated,""
incidents,customFields.c.ccr_relationship,Relationship,custom (c),false,string,"",20,false,"",What is your relationship with the patient?,Text(20),rare (<1%),166883,1112,0.7,,1112,,"","",,"",""
incidents,customFields.c.ccr_aware,Aware?,custom (c),false,boolean,"",,false,"",Is the patient aware that you are contacting CCR on their behalf?,Checkbox,rare (<1%),166883,1049,0.6,1030,1049,,"","",,"","Checkbox: use checked_48mo, since Oracle stores unchecked as a value"
incidents,customFields.c.ccr_reside,Reside In US?,custom (c),false,boolean,"",,false,"",Does the patient reside in the United States?,Checkbox,rare (<1%),166883,1034,0.6,915,1034,,"","",,"","Checkbox: use checked_48mo, since Oracle stores unchecked as a value"
incidents,customFields.c.ccr_scandate,Most Recent Scan,custom (c),false,string,date,,false,"",What is the date of the most recent scan?,Date,rare (<1%),166883,972,0.6,,972,,"","",,"",""
incidents,customFields.c.ccr_patientdetails,Patient Details,custom (c),false,string,"",1333,false,"","Patiient Zip Code:
Patient City:
Patient State:",Text Area (Long),rare (<1%),166883,1033,0.6,,1033,,"","",,"",""
incidents,customFields.c.ccr_oncdocdetails,Oncologist  Details,custom (c),false,string,"",1333,false,"","Oncologist Name:
Oncologist Institute:
Oncologist Address 1:
Oncologist Address 2: 
Oncologist City:
Oncologist State:
Oncologist Zip Code: 
Oncologist Phone Number: 
Oncologist Fax Number:",Text Area (Long),rare (<1%),166883,1032,0.6,,1032,,"","",,"",""
incidents,customFields.c.ccr_autoimmune,Autoimmune Conditions,custom (c),false,string,"",1333,false,"","Does the patient have any autoimmune conditions? If Yes and known, please include.",Text Area (Long),rare (<1%),166883,1079,0.6,,1079,,"","",,"",""
incidents,customFields.c.ccr_otherhealth,Other Health Conditions,custom (c),false,string,"",1333,false,"","Does the patient have any other health conditions?  If Yes and known, please include.",Text Area (Long),rare (<1%),166883,1058,0.6,,1058,,"","",,"",""
incidents,customFields.c.ccr_markers,Molecular Markers,custom (c),false,string,"",1333,false,"","Has the tumor been tested for molecular markers? If Yes and known, please include.",Text Area (Long),rare (<1%),166883,893,0.5,,893,,"","",,"",""
incidents,customFields.c.ccr_confined,Confined,custom (c),false,boolean,"",,false,"",Is the patient confined to bed or chair more than 50% of waking hours?,Checkbox,rare (<1%),166883,1005,0.6,100,1005,,"","",,"","Checkbox: use checked_48mo, since Oracle stores unchecked as a value"
incidents,customFields.c.ccr_willingtotravel,Willing To Travel,custom (c),false,string,"",1333,false,"","Is the patient able/willing to travel to Bethesda, Maryland? (Y/N + if No, please include why?)",Text Area (Long),rare (<1%),166883,1055,0.6,,1055,,"","",,"",""
incidents,customFields.c.ccr_currentstatus,Current Status,custom (c),true,object,"",,false,"","",Picklist,rare (<1%),166883,789,0.5,,789,4,Newly diagnosed;Currently receiving treatment;Disease progression now;Other,This field's own list,4,Disease progression now;Currently receiving treatment;Newly diagnosed;Other,""
incidents,customFields.c.ccr_brainmets,Brain Mets?,custom (c),false,string,"",75,false,"","Current or past, including dates",Text(75),rare (<1%),166883,1035,0.6,,1035,,"","",,"",""
incidents,customFields.c.ccr_patient_dob,Patient Date of Birth,custom (c),false,string,date,,false,"","",Date,rare (<1%),166883,4,0.0,,4,,"","",,"",""
incidents,customFields.c.ccr_patient_dob2,Patient DOB2,custom (c),false,string,"",8,false,"","",Text(8),rare (<1%),166883,1052,0.6,,1052,,"","",,"",""
incidents,customFields.c.ccr_patientfullname,Patient Full Name,custom (c),false,string,"",60,false,"",What is the patient's full legal name?,Text(60),rare (<1%),166883,1071,0.6,,1071,,"","",,"",""
tasks,customFields.c.call_back,Call Back (Client's Time),custom (c),false,string,date-time,,false,"","",Date/Time,in use,83589,83457,99.8,,172913,,"","",,"",""
tasks,customFields.c.cc_call_back,Call Back (Pacific Time),custom (c),false,string,date-time,,false,"","",Date/Time,in use,83589,83456,99.8,,172912,,"","",,"",""
tasks,customFields.c.time_zone,Time Zone,custom (c),true,object,"",,false,"","",Picklist,in use,83589,83589,100.0,,173112,9,Atlantic;Eastern;Central;Alaska;Hawaii;Mountain;Pacific;Arizona;Guam,This field's own list,9,Pacific;Eastern;Central;Mountain;Hawaii;Arizona;Alaska;Atlantic;Guam,""
tasks,customFields.c.has_quit,Has Quit,custom (c),false,boolean,"",,false,"","",Checkbox,in use,83589,19419,23.2,8614,42954,,"","",,"","Checkbox: use checked_48mo, since Oracle stores unchecked as a value"
tasks,customFields.c.call_back_status,Call Back Status,custom (c),true,object,"",,false,"","",Picklist,in use,83589,83589,100.0,,173112,12,No Answer;Busy Signal;Voicemail - Left Message;Voicemail - Did Not Leave Message;Left Message w/ Another Person;Asked to Call Back;Call Completed;Not Started;Case Closed - Completed;Case Closed - Refusal;Case Closed - Unreachable;Case Closed-No Search Sent,This field's own list,12,Voicemail - Left Message;Call Completed;Case Closed - Unreachable;Voicemail - Did Not Leave Message;Asked to Call Back;No Answer;Case Closed - Refusal;Case Closed - Completed;Busy Signal;Left Message w/ Another Person;Not Started;Case Closed-No Search Sent,""
tasks,customFields.c.call_attempts,Call Back Attempt,custom (c),false,integer,"",,false,"","",Number,in use,83589,83589,100.0,,173112,,"","",,"",""
tasks,customFields.c.call_back_number,Call Back Number,custom (c),true,object,"",,false,"","",Picklist,in use,83589,83589,100.0,,173093,13,Call Back One;Call Back Two;Call Back Three;Call Back Four;Extended CB;Initial Intake;Follow-up 4 mos;Follow-up 7 mos;Follow-up 13 mos;CT Follow-up CB 1;CT Follow-up CB 2;CT Follow-up CB 3;IMPACT CB,This field's own list,13,Initial Intake;Call Back One;Call Back Two;Follow-up 13 mos;Follow-up 4 mos;Follow-up 7 mos;Call Back Three;CT Follow-up CB 1;Call Back Four;Extended CB;CT Follow-up CB 2;IMPACT CB;CT Follow-up CB 3,""
tasks,customFields.c.use_meds,Plan/Use Medication,custom (c),false,boolean,"",,false,"","",Checkbox,in use,83589,19390,23.2,16556,42594,,"","",,"","Checkbox: use checked_48mo, since Oracle stores unchecked as a value"
tasks,customFields.c.no_meds,"No, why?",custom (c),true,object,"",,false,"","",Picklist,in use,83589,2957,3.5,,6918,5,Difficult to get from VA;Problems seeing VA provider;Too Expensive;Not Interested;Other-Make note below,This field's own list,5,Not Interested;Other-Make note below;Difficult to get from VA;Problems seeing VA provider;Too Expensive,""
tasks,customFields.c.other_reason,Other Reason,custom (c),false,string,"",100,false,"","",Text(100),in use,83589,1014,1.2,,3181,,"","",,"",""
tasks,customFields.c.extcb_number,#,custom (c),false,string,"",100,false,"","",Text(100),in use,83589,3040,3.6,,7867,,"","",,"",""
tasks,customFields.c.why_refused,Why Refusal?,custom (c),true,object,"",,false,"","",Picklist,in use,83589,3892,4.7,,5827,4,Already Quit/No Further Support Needed;No Longer Interested;Not Ready to Quit;Other,This field's own list,4,Not Ready to Quit;No Longer Interested;Other;Already Quit/No Further Support Needed,""
tasks,customFields.c.sms_1,SMS 1,custom (c),false,boolean,"",,false,"","",Checkbox,in use,83589,6912,8.3,4785,10711,,"","",,"","Checkbox: use checked_48mo, since Oracle stores unchecked as a value"
tasks,customFields.c.sms_2,SMS 2,custom (c),false,boolean,"",,false,"","",Checkbox,in use,83589,9504,11.4,9483,15212,,"","",,"","Checkbox: use checked_48mo, since Oracle stores unchecked as a value"
tasks,customFields.c.sms_final,SMS Final,custom (c),false,boolean,"",,false,"","",Checkbox,in use,83589,2110,2.5,2110,3070,,"","",,"","Checkbox: use checked_48mo, since Oracle stores unchecked as a value"
tasks,customFields.c.sms_notes,SMS Notes,custom (c),false,string,"",1333,false,"","",Text Area (Long),in use,83589,10033,12.0,,15975,,"","",,"",""
answerVersions,commonAttachments.contentType,ContentType,standard,false,string,"",129,false,"","The MIME content type of the file. For example, text/plain, audio/mp3, image/jpg, and so on.",Text(129),not measured,,,,,,,"","",,"",""
answerVersions,commonAttachments.createdTime,CreatedTime,standard,false,string,date-time,,true,"",The date and time when the file was associated with the answer. This attribute is read-only.,Date/Time,not measured,,,,,,,"","",,"",""
answerVersions,commonAttachments.data,Data,standard,false,string,"",,true,"",The Base64 encoded data contained in the file. The maximum supported length is defined by the maximum number of bytes allowed by this field.,Text Area (Long) or Rich Text; confirm,not measured,,,,,,,"","",,"",""
answerVersions,commonAttachments.fileName,FileName,standard,false,string,"",100,false,"",The name of the file when saving it to the disk.,Text(100),not measured,,,,,,,"","",,"",""
answerVersions,commonAttachments.formData,FormData,standard,false,string,"",,true,"","",Text Area (Long) or Rich Text; confirm,not measured,,,,,,,"","",,"",""
answerVersions,commonAttachments.id,ID,standard,false,integer,"",,false,"",The unique identifier of the file attachment.,Number,not measured,,,,,,,"","",,"",""
answerVersions,commonAttachments.size,Size,standard,false,integer,"",,true,"",The size of the file in bytes. This attribute is read-only.,Number,not measured,,,,,,,"","",,"",""
answerVersions,commonAttachments.updatedTime,UpdatedTime,standard,false,string,date-time,,true,"",The date and time when the file was last updated. This attribute is read-only.,Date/Time,not measured,,,,,,,"","",,"",""
answerVersions,commonAttachments.uRL,URL,standard,false,string,"",1333,true,"",The URL to access this file.,Text Area (Long),not measured,,,,,,,"","",,"",""
answerVersions,commonAttachments.disabled,Disabled,standard,false,boolean,"",,false,"","Indicates whether the file attachment is hidden when the associated answer is viewed. If the Private flag is not set, this flag hides the file attachment. This attribute does not have a default value.",Checkbox,not measured,,,,,,,"","",,"",""
answerVersions,commonAttachments.private,Private,standard,false,boolean,"",,false,"",Indicates whether the file attachment is hidden from the end users. This attribute does not have a default value.,Checkbox,not measured,,,,,,,"","",,"",""
answerVersions,banner.importanceFlag,ImportanceFlag,standard,true,object,"",,false,importanceFlag,The importance of the banner.,Picklist,not measured,,,,,,3,Low;Medium;High,Same list as answers.banner.importanceFlag,,"",""
answerVersions,banner.text,Text,standard,false,string,"",1333,false,"",The description of a flag.,Text Area (Long),not measured,,,,,,,"","",,"",""
answerVersions,banner.updatedByAccount,UpdatedByAccount,standard,false,object,"",,true,accounts,The staff account that most recently updated the banner flag and/or text. This attribute is read-only.,Lookup(User),not measured,,,,,,,"","",,"",""
answerVersions,banner.updatedTime,UpdatedTime,standard,false,string,date-time,,true,"",The date and time when the banner was last updated. This attribute is read-only.,Date/Time,not measured,,,,,,,"","",,"",""
contacts,channelUsernames.channelType,ChannelType,standard,true,object,"",,false,channelTypes,The associated communication channel. This is the key for the list entry.,Picklist,not measured,,,,,,15,CSS Email;MA Email;Phone;Fax;Post;CSS Web;MA Web;Chat;Email;Community;Twitter;YouTube;RSS;Facebook;SRM Engage,Rows of channelTypes,,"",""
contacts,channelUsernames.userNumber,UserNumber,standard,false,string,"",40,false,"",The user number ID for this communication channel. It is a string with a value between 0 and 9.,Text(40),not measured,,,,,,,"","",,"",""
contacts,channelUsernames.username,Username,standard,false,string,"",255,false,"",The user name for this communication channel.,Text(255),not measured,,,,,,,"","",,"",""
accounts,salesSettings.defaultCurrency,DefaultCurrency,standard,true,object,"",,false,defaultCurrency,The default currency ID.,Picklist,not measured,,,,,,1,USD,This field's own list,,"",""
accounts,salesSettings.territory,Territory,standard,false,object,"",,false,salesTerritories,The sales territory ID.,Lookup,not measured,,,,,,,"","",,"",""
accounts,emails.address,Address,standard,false,string,"",255,false,"",The string value of the email address.,Text(255),not measured,,,,,,,"","",,"",""
accounts,emails.addressType,AddressType,standard,true,object,"",,false,addressType,"The type of address, such as Primary or Alt1. This is the key for the list entry.",Picklist,not measured,,,,,,1,Email - Primary,This field's own list,,"",""
accounts,emails.certificate,Certificate,standard,false,string,"",1333,true,"",The associated public email certificate used to encrypt outgoing emails.,Text Area (Long),not measured,,,,,,,"","",,"",""
accounts,emails.invalid,Invalid,standard,false,boolean,"",,false,"",Indicates whether the email address is disabled.,Checkbox,not measured,,,,,,,"","",,"",""
accounts,phones.number,Number,standard,false,string,"",40,false,"","The free-form phone number including non-numeric characters. For example, 1 (406) 522-4200.",Text(40),not measured,,,,,,,"","",,"",""
accounts,phones.phoneType,PhoneType,standard,true,object,"",,false,phoneType,"The type of phone number such as Home, Mobile, Office, and so on. This is the key for the list entry.",Picklist,not measured,,,,,,3,Office Phone;Alternate Phone 1;Alternate Phone 2,This field's own list,,"",""
accounts,phones.rawNumber,RawNumber,standard,false,string,"",40,true,"","The automatically populated numeric string derived by excluding the non-numeric characters from the value of the Number attribute. For example, if the Number attribute has a value of 1 (406) 522-4200, this field is populated as 14065224200. This attribute is read-only.",Text(40),not measured,,,,,,,"","",,"",""
contacts,salesSettings.acquiredDate,AcquiredDate,standard,false,string,date,,true,"",The date when the first opportunity associated with the contact was closed. This attribute is read-only.,Date,not measured,,,,,,,"","",,"",""
contacts,salesSettings.salesAccount,SalesAccount,standard,false,object,"",,false,accounts,The ID of the staff account for the sales representative assigned to the contact.,Lookup(User),not measured,,,,,,,"","",,"",""
serviceProducts,names.labelText,LabelText,standard,false,string,"",80,false,"",The language-specific label text. The value cannot be null or empty.,Text(80),not measured,,,,,,,"","",,"",""
serviceProducts,names.language,Language,standard,true,object,"",,false,language,The ID of the language. This is the key for the list entry.,Picklist,not measured,,,,,,2,en_US;es_ES,Shared Oracle list for language,,"",""
incidentResponse,fileAttachments.contentType,ContentType,standard,false,string,"",129,false,"","The MIME content type of the file. For example, text/plain, audio/mp3, image/jpg, and so on.",Text(129),not measured,,,,,,,"","",,"",""
incidentResponse,fileAttachments.createdTime,CreatedTime,standard,false,string,date-time,,true,"",The date and time when the file was associated with the incident. This attribute is read-only.,Date/Time,not measured,,,,,,,"","",,"",""
incidentResponse,fileAttachments.data,Data,standard,false,string,"",,true,"",The Base64 encoded data contained in the file. The maximum supported length is defined by the maximum number of bytes allowed by this field.,Text Area (Long) or Rich Text; confirm,not measured,,,,,,,"","",,"",""
incidentResponse,fileAttachments.fileName,FileName,standard,false,string,"",100,false,"",The name of the file when saving it to the disk.,Text(100),not measured,,,,,,,"","",,"",""
incidentResponse,fileAttachments.formData,FormData,standard,false,string,"",,true,"",The HTML form which is used to upload file attachments.,Text Area (Long) or Rich Text; confirm,not measured,,,,,,,"","",,"",""
incidentResponse,fileAttachments.id,ID,standard,false,integer,"",,false,"",The unique identifier of the file attachment.,Number,not measured,,,,,,,"","",,"",""
incidentResponse,fileAttachments.size,Size,standard,false,integer,"",,true,"",The size of the file in bytes. This attribute is read-only.,Number,not measured,,,,,,,"","",,"",""
incidentResponse,fileAttachments.updatedTime,UpdatedTime,standard,false,string,date-time,,true,"",The date and time when the file was last updated. This attribute is read-only.,Date/Time,not measured,,,,,,,"","",,"",""
incidentResponse,fileAttachments.uRL,URL,standard,false,string,"",1333,true,"",The URL to access this file.,Text Area (Long),not measured,,,,,,,"","",,"",""
incidentResponse,fileAttachments.description,Description,standard,false,string,"",1333,false,"",The description for the contents of the file attachment.,Text Area (Long),not measured,,,,,,,"","",,"",""
incidentResponse,fileAttachments.name,Name,standard,false,string,"",40,false,"",The short display name of the file attachment.,Text(40),not measured,,,,,,,"","",,"",""
incidentResponse,fileAttachments.private,Private,standard,false,boolean,"",,false,"",Indicates whether the file attachment is hidden from the end users. This attribute does not have a default value.,Checkbox,not measured,,,,,,,"","",,"",""
contacts,notes.channel,Channel,standard,true,object,"",,false,channel,The channel through which the note was created.,Picklist,not measured,,,,,,41,CSS Email;MA Email;Phone;Fax;Post;CSS Web;MA Web;Chat;Email;Community;Twitter;YouTube;Facebook;SRM Engage;Facebook Public;Facebook Private;Facebook Mixed;Twitter Public;Twitter Private;Twitter Mixed;Instagram Public;Instagram Private;Instagram Mixed;WeChat Public;WeChat Private;WeChat Mixed;Sina Weibo Public;Sina Weibo Private;Sina Weibo Mixed;LinkedIn Public;LinkedIn Private;LinkedIn Mixed;Tumblr Public;Tumblr Private;Tumblr Mixed;WhatsApp Public;WhatsApp Private;WhatsApp Mixed;Snapchat Public;Snapchat Private;Snapchat Mixed,This field's own list,,"",""
contacts,notes.createdByAccount,CreatedByAccount,standard,false,object,"",,true,accounts,The staff member account that created the note.,Lookup(User),not measured,,,,,,,"","",,"",""
contacts,notes.createdTime,CreatedTime,standard,false,string,date-time,,true,"",The date and time when the note was created. This attribute is read-only.,Date/Time,not measured,,,,,,,"","",,"",""
contacts,notes.id,ID,standard,false,integer,"",,false,"",The unique identifier of the note.,Number,not measured,,,,,,,"","",,"",""
contacts,notes.text,Text,standard,false,string,"",349525,false,"",The text content in the note.,Text Area (Long),not measured,,,,,,,"","",,"",""
contacts,notes.updatedByAccount,UpdatedByAccount,standard,false,object,"",,true,accounts,The staff member account that updated the note.,Lookup(User),not measured,,,,,,,"","",,"",""
contacts,notes.updatedTime,UpdatedTime,standard,false,string,date-time,,true,"",The date and time when the note was last updated. This attribute is read-only.,Date/Time,not measured,,,,,,,"","",,"",""
answerVersions,versionDetail.draftTime,DraftTime,standard,false,string,date-time,,false,"",The date and time when the draft answer version was created.,Date/Time,not measured,,,,,,,"","",,"",""
answerVersions,versionDetail.draftNote,DraftNote,standard,false,string,"",1333,false,"",The draft note for the answer version.,Text Area (Long),not measured,,,,,,,"","",,"",""
answerVersions,versionDetail.publishedTime,PublishedTime,standard,false,string,date-time,,false,"",The date and time when the draft answer version was published.,Date/Time,not measured,,,,,,,"","",,"",""
answerVersions,versionDetail.publishNote,PublishNote,standard,false,string,"",1333,false,"",The published note for the answer version.,Text Area (Long),not measured,,,,,,,"","",,"",""
answerVersions,versionDetail.state,State,standard,true,object,"",,false,state,The state of the version.,Picklist,not measured,,,,,,3,Draft;Live;Historical,Same list as answers.versionDetail.state,,"",""
answerVersions,versionDetail.unpublishedTime,UnpublishedTime,standard,false,string,date-time,,false,"",The date and time when the answer version was unpublished.,Date/Time,not measured,,,,,,,"","",,"",""
answers,fileAttachments.contentType,ContentType,standard,false,string,"",129,false,"","The MIME content type of the file. For example, text/plain, audio/mp3, image/jpg, and so on.",Text(129),not measured,,,,,,,"","",,"",""
answers,fileAttachments.createdTime,CreatedTime,standard,false,string,date-time,,true,"",The date and time when the file was associated with the answer. This attribute is read-only.,Date/Time,not measured,,,,,,,"","",,"",""
answers,fileAttachments.data,Data,standard,false,string,"",,true,"",The Base64 encoded data contained in the file. The maximum supported length is defined by the maximum number of bytes allowed by this field.,Text Area (Long) or Rich Text; confirm,not measured,,,,,,,"","",,"",""
answers,fileAttachments.fileName,FileName,standard,false,string,"",100,false,"",The name of the file when saving it to the disk.,Text(100),not measured,,,,,,,"","",,"",""
answers,fileAttachments.formData,FormData,standard,false,string,"",,true,"",The HTML form which is used to upload file attachments.,Text Area (Long) or Rich Text; confirm,not measured,,,,,,,"","",,"",""
answers,fileAttachments.id,ID,standard,false,integer,"",,false,"",The unique identifier of the file attachment.,Number,not measured,,,,,,,"","",,"",""
answers,fileAttachments.size,Size,standard,false,integer,"",,true,"",The size of the file in bytes. This attribute is read-only.,Number,not measured,,,,,,,"","",,"",""
answers,fileAttachments.updatedTime,UpdatedTime,standard,false,string,date-time,,true,"",The date and time when the file was last updated. This attribute is read-only.,Date/Time,not measured,,,,,,,"","",,"",""
answers,fileAttachments.uRL,URL,standard,false,string,"",1333,true,"",The URL to access the file.,Text Area (Long),not measured,,,,,,,"","",,"",""
answers,fileAttachments.description,Description,standard,false,string,"",1333,false,"",The description for the contents of the file attachment.,Text Area (Long),not measured,,,,,,,"","",,"",""
answers,fileAttachments.name,Name,standard,false,string,"",40,false,"",The short display name of the file attachment.,Text(40),not measured,,,,,,,"","",,"",""
answers,fileAttachments.disabled,Disabled,standard,false,boolean,"",,false,"","Indicates whether the file attachment should be hidden when the associated answer is viewed. If the Private flag is not set, this flag hides the file attachment. This attribute does not have a default value.",Checkbox,not measured,,,,,,,"","",,"",""
answers,fileAttachments.indexed,Indexed,standard,false,boolean,"",,false,"",Indicates whether the file attachment's contents are included in the keyword indexing of the answer. This attribute does not have a default value.,Checkbox,not measured,,,,,,,"","",,"",""
answers,fileAttachments.private,Private,standard,false,boolean,"",,false,"",Indicates whether the file attachment is hidden from the end users. The default value is false.,Checkbox,not measured,,,,,,,"","",,"",""
contacts,name.first,First,standard,false,string,"",80,false,"",The first name of the person.,Text(80),not measured,,,,,,,"","",,"",""
contacts,name.last,Last,standard,false,string,"",80,false,"",The surname or last name of the person.,Text(80),not measured,,,,,,,"","",,"",""
accountGroups,attributes.customerCareAccess,CustomerCareAccess,standard,false,boolean,"",,true,"",Customer care access group.,Checkbox,not measured,,,,,,,"","",,"",""
contacts,marketingSettings.contactLists,ContactLists,standard,true,array,"",,false,contactLists,The contact lists in which the contact is included.,Picklist,not measured,,,,,,,"",No values defined in Oracle,,"",""
contacts,marketingSettings.emailFormat,EmailFormat,standard,true,object,"",,false,emailFormat,The ID of preferred format for sending emails to the contact.,Picklist,not measured,,,,,,3,Text;HTML;Multipart,This field's own list,,"",""
contacts,marketingSettings.marketingOptIn,MarketingOptIn,standard,false,boolean,"",,false,"",Indicates whether the contact has opted in for marketing mailing list. This attribute does not have a default value.,Checkbox,not measured,,,,,,,"","",,"",""
contacts,marketingSettings.marketingOrganizationName,MarketingOrganizationName,standard,false,string,"",80,false,"",The marketing organization name.,Text(80),not measured,,,,,,,"","",,"",""
contacts,marketingSettings.marketingOrganizationNameAlt,MarketingOrganizationNameAlt,standard,false,string,"",80,false,"",The alternate name of the marketing organization.,Text(80),not measured,,,,,,,"","",,"",""
contacts,marketingSettings.surveyOptIn,SurveyOptIn,standard,false,boolean,"",,false,"",Indicates whether the contact has opted in for providing feedback. This attribute does not have a default value.,Checkbox,not measured,,,,,,,"","",,"",""
organizations,cRMModules.marketing,Marketing,standard,false,boolean,"",,false,"",Indicates whether the marketing module is applicable. The default value is true only if marketing module is enabled.,Checkbox,not measured,,,,,,,"","",,"",""
organizations,cRMModules.sales,Sales,standard,false,boolean,"",,false,"",Indicates whether the sales module is applicable. The default value is true only if sales module is enabled.,Checkbox,not measured,,,,,,,"","",,"",""
organizations,cRMModules.service,Service,standard,false,boolean,"",,false,"",Indicates whether the service module is applicable. The default value is true only if service module is enabled.,Checkbox,not measured,,,,,,,"","",,"",""
variables,folder.id,ID,standard,false,integer,"",,false,"",ID value,Number,not measured,,,,,,,"","",,"",""
variables,folder.lookupName,LookupName,standard,false,string,"",255,false,"",Name used to lookup this object,Text(255),not measured,,,,,,,"","",,"",""
contacts,cRMModules.marketing,Marketing,standard,false,boolean,"",,false,"",Indicates whether the marketing module is applicable. The default value is true only if marketing module is enabled.,Checkbox,not measured,,,,,,,"","",,"",""
contacts,cRMModules.sales,Sales,standard,false,boolean,"",,false,"",Indicates whether the sales module is applicable. The default value is true only if sales module is enabled.,Checkbox,not measured,,,,,,,"","",,"",""
contacts,cRMModules.service,Service,standard,false,boolean,"",,false,"",Indicates whether the service module is applicable. The default value is true only if service module is enabled.,Checkbox,not measured,,,,,,,"","",,"",""
answers,assignedTo.account,Account,standard,false,object,"",,false,accounts,The staff account.,Lookup(User),not measured,,,,,,,"","",,"",""
answers,assignedTo.staffGroup,StaffGroup,standard,true,object,"",,false,staffGroup,The staff group. The caller should assign the staff group when assigning to an account.,Picklist,not measured,,,,,,8,RightNow;Supervisors;Technical;NCI;Information Specialists;Remote Monitors;OD;special group,Same list as accounts.staffGroup,,"",""
answers,statusWithType.status,Status,standard,true,object,"",,false,status,The current status.,Picklist,not measured,,,,,,7,Public;Draft;Proposed;System Review;In Review;Retired;Internally Published,This field's own list,,"",""
answers,statusWithType.statusType,StatusType,standard,true,object,"",,true,statusType,The associated status type. This attribute is read-only.,Picklist,not measured,,,,,,2,Public;Private,This field's own list,,"",""
accounts,serviceSettings.screenPopPort,ScreenPopPort,standard,false,integer,"",,false,"",The port number assigned for screen-pop alerts for the staff account. It is used in Citrix and Terminal Services environments where there are multiple agents logged in to different sessions on the same machine.,Number,not measured,,,,,,,"","",,"",""
contacts,phones.number,Number,standard,false,string,"",40,false,"","The free-form phone number including non-numeric characters. For example, 1 (406) 522-4200.",Text(40),not measured,,,,,,,"","",,"",""
contacts,phones.phoneType,PhoneType,standard,true,object,"",,false,phoneType,"The type of phone number such as Home, Mobile, Office, and so on. This is the key for the list entry.",Picklist,not measured,,,,,,5,Office Phone;Mobile Phone;Fax Phone;Assistant Phone;Home Phone,This field's own list,,"",""
contacts,phones.rawNumber,RawNumber,standard,false,string,"",40,true,"","The automatically populated numeric string derived by excluding the non-numeric characters from the value of the Number attribute. For example, if the Number attribute has a value of 1 (406) 522-4200, this field is populated as 14065224200. This attribute is read-only.",Text(40),not measured,,,,,,,"","",,"",""
contacts,emails.address,Address,standard,false,string,"",255,false,"",The string value of the email address.,Text(255),not measured,,,,,,,"","",,"",""
contacts,emails.addressType,AddressType,standard,true,object,"",,false,addressType,"The type of address, such as Primary or Alt1. This is the key for the list entry.",Picklist,not measured,,,,,,3,Email - Primary;Alternate Email 1;Alternate Email 2,This field's own list,,"",""
contacts,emails.certificate,Certificate,standard,false,string,"",1333,true,"",The associated public email certificate used to encrypt outgoing emails.,Text Area (Long),not measured,,,,,,,"","",,"",""
contacts,emails.invalid,Invalid,standard,false,boolean,"",,false,"",Indicates whether the email address is disabled.,Checkbox,not measured,,,,,,,"","",,"",""
organizations,banner.importanceFlag,ImportanceFlag,standard,true,object,"",,false,importanceFlag,The importance of the banner.,Picklist,not measured,,,,,,3,Low;Medium;High,This field's own list,,"",""
organizations,banner.text,Text,standard,false,string,"",1333,false,"",The description of a flag.,Text Area (Long),not measured,,,,,,,"","",,"",""
organizations,banner.updatedByAccount,UpdatedByAccount,standard,false,object,"",,true,accounts,The staff account that most recently updated the banner flag and/or text. This attribute is read-only.,Lookup(User),not measured,,,,,,,"","",,"",""
organizations,banner.updatedTime,UpdatedTime,standard,false,string,date-time,,true,"",The date and time when the banner was last updated. This attribute is read-only.,Date/Time,not measured,,,,,,,"","",,"",""
tasks,salesSettings.opportunity,Opportunity,standard,false,object,"",,false,opportunities,The associated opportunity.,Lookup,not measured,,,,,,,"","",,"",""
incidentResponse,cc.emailAddresses,EmailAddresses,standard,false,array,"",,true,"",The email addresses of the recipients to whom the email is sent.,Related list or multi-select; confirm,not measured,,,,,,,"","",,"",""
answerVersions,statusWithType.status,Status,standard,true,object,"",,false,status,The current status.,Picklist,not measured,,,,,,7,Public;Draft;Proposed;System Review;In Review;Retired;Internally Published,Same list as answers.statusWithType.status,,"",""
answerVersions,statusWithType.statusType,StatusType,standard,true,object,"",,true,statusType,The associated status type. This attribute is read-only.,Picklist,not measured,,,,,,2,Public;Private,Same list as answers.statusWithType.statusType,,"",""
contacts,fileAttachments.contentType,ContentType,standard,false,string,"",129,false,"","The MIME content type of the file. For example, text/plain, audio/mp3, image/jpg, and so on.",Text(129),not measured,,,,,,,"","",,"",""
contacts,fileAttachments.createdTime,CreatedTime,standard,false,string,date-time,,true,"",The date and time when the file was associated with the object. This attribute is read-only.,Date/Time,not measured,,,,,,,"","",,"",""
contacts,fileAttachments.data,Data,standard,false,string,"",,true,"",The Base64 encoded data contained in the file. The maximum supported length is defined by the maximum number of bytes allowed by this field.,Text Area (Long) or Rich Text; confirm,not measured,,,,,,,"","",,"",""
contacts,fileAttachments.fileName,FileName,standard,false,string,"",100,false,"",The name of the file when saving it to the disk.,Text(100),not measured,,,,,,,"","",,"",""
contacts,fileAttachments.formData,FormData,standard,false,string,"",,true,"",The HTML form which is used to upload file attachments.,Text Area (Long) or Rich Text; confirm,not measured,,,,,,,"","",,"",""
contacts,fileAttachments.id,ID,standard,false,integer,"",,false,"",The unique identifier of the file attachment.,Number,not measured,,,,,,,"","",,"",""
contacts,fileAttachments.size,Size,standard,false,integer,"",,true,"",The size of the file in bytes. This attribute is read-only.,Number,not measured,,,,,,,"","",,"",""
contacts,fileAttachments.updatedTime,UpdatedTime,standard,false,string,date-time,,true,"",The date and time when the file attachment was last updated. This attribute is read-only.,Date/Time,not measured,,,,,,,"","",,"",""
contacts,fileAttachments.uRL,URL,standard,false,string,"",1333,true,"",The URL to access this file.,Text Area (Long),not measured,,,,,,,"","",,"",""
contacts,fileAttachments.description,Description,standard,false,string,"",1333,false,"",The description for the contents of the file attachment.,Text Area (Long),not measured,,,,,,,"","",,"",""
contacts,fileAttachments.name,Name,standard,false,string,"",40,false,"",The short display name of the file attachment.,Text(40),not measured,,,,,,,"","",,"",""
countries,provinces.id,ID,standard,false,integer,"",,false,"",The unique identifier of the province.,Number,not measured,,,,,,,"","",,"",""
countries,provinces.displayOrder,DisplayOrder,standard,false,integer,"",,false,"",The display position relative to other provinces associated with the same country.,Number,not measured,,,,,,,"","",,"",""
countries,provinces.name,Name,standard,false,string,"",255,true,"",The name of the province in the language of the current interface. This attribute is read-only.,Text(255),not measured,,,,,,,"","",,"",""
incidents,billedMinutes.account,Account,standard,false,object,"",,false,accounts,The staff member who billed the time. This is part of the key for the list entry.,Lookup(User),not measured,,,,,,,"","",,"",""
incidents,billedMinutes.billableTask,BillableTask,standard,true,object,"",,false,billableTask,The associated billable task.,Picklist,not measured,,,,,,1,Miscellaneous,This field's own list,,"",""
incidents,billedMinutes.billTime,BillTime,standard,false,string,date-time,,false,"",The date and time when the work was performed. This is part of the key for the list entry.,Date/Time,not measured,,,,,,,"","",,"",""
incidents,billedMinutes.comment,Comment,standard,false,string,"",1333,false,"",The comments associated with the timeBilled record.,Text Area (Long),not measured,,,,,,,"","",,"",""
incidents,billedMinutes.id,ID,standard,false,integer,"",,false,"",The unique identifier of the timeBilled record.,Number,not measured,,,,,,,"","",,"",""
incidents,billedMinutes.minutes,Minutes,standard,false,integer,"",,false,"",The number of minutes billed.,Number,not measured,,,,,,,"","",,"",""
accountGroups,descriptions.labelText,LabelText,standard,false,string,"",1333,false,"",The label text.,Text Area (Long),not measured,,,,,,,"","",,"",""
accountGroups,descriptions.language,Language,standard,true,object,"",,false,language,The ID of the language. This is the key for the list entry.,Picklist,not measured,,,,,,2,en_US;es_ES,Shared Oracle list for language,,"",""
incidents,assignedTo.account,Account,standard,false,object,"",,false,accounts,The staff account.,Lookup(User),not measured,,,,,,,"","",,"",""
incidents,assignedTo.staffGroup,StaffGroup,standard,true,object,"",,false,staffGroup,The staff group. The caller should assign the staff group when assigning to an account.,Picklist,in use,166883,133451,80.0,,1006470,8,RightNow;Supervisors;Technical;NCI;Information Specialists;Remote Monitors;OD;special group,Same list as accounts.staffGroup,2,Information Specialists;Supervisors,""
accounts,nameFurigana.first,First,standard,false,string,"",80,false,"",The first name of the person.,Text(80),not measured,,,,,,,"","",,"",""
accounts,nameFurigana.last,Last,standard,false,string,"",80,false,"",The surname or last name of the person.,Text(80),not measured,,,,,,,"","",,"",""
tasks,inherit.inheritContact,InheritContact,standard,false,boolean,"",,false,"",Indicates whether the task inherits contact value from the associated object. The default value is false.,Checkbox,not measured,,,,,,,"","",,"",""
tasks,inherit.inheritOrganization,InheritOrganization,standard,false,boolean,"",,false,"",Indicates whether the task inherits organization value from the associated object. The default value is false.,Checkbox,not measured,,,,,,,"","",,"",""
tasks,inherit.inheritStaffAssignment,InheritStaffAssignment,standard,false,boolean,"",,false,"",Indicates whether the task inherits account value from the associated object. The default value is false.,Checkbox,not measured,,,,,,,"","",,"",""
countries,names.labelText,LabelText,standard,false,string,"",80,false,"",The language-specific label text. The value cannot be null or empty.,Text(80),not measured,,,,,,,"","",,"",""
countries,names.language,Language,standard,true,object,"",,false,language,The ID of the language. This is the key for the list entry.,Picklist,not measured,,,,,,2,en_US;es_ES,Shared Oracle list for language,,"",""
accounts,attributes.accountLocked,AccountLocked,standard,false,boolean,"",,false,"","Indicates whether the account is temporarily locked. For example, you may lock a staff member's account who has taken a leave of absence. An account automatically gets locked if the staff member has exceeded the number of invalid login attempts or if the password has expired. The default value is false.",Checkbox,not measured,,,,,,,"","",,"",""
accounts,attributes.canModifyEmailSignature,CanModifyEmailSignature,standard,false,boolean,"",,false,"",Indicates whether the staff member can modify the email signature. The default value is false.,Checkbox,not measured,,,,,,,"","",,"",""
accounts,attributes.forcePasswordChange,ForcePasswordChange,standard,false,boolean,"",,false,"",Indicates whether the staff member must change the password at the next login. The value remains true until the staff member changes the password. The default value is false.,Checkbox,not measured,,,,,,,"","",,"",""
accounts,attributes.infrequentUser,InfrequentUser,standard,false,boolean,"",,false,"","Indicates whether the staff member is considered as an infrequent user seat, as opposed to a full seat. The default value is false.",Checkbox,not measured,,,,,,,"","",,"",""
accounts,attributes.passwordNeverExpires,PasswordNeverExpires,standard,false,boolean,"",,false,"",Indicates whether the staff member's account password never expires. This setting overrides system-wide password expiration configurations. The default value is false.,Checkbox,not measured,,,,,,,"","",,"",""
accounts,attributes.permanentlyDisabled,PermanentlyDisabled,standard,false,boolean,"",,false,"","Indicates whether the staff member's account is permanently disabled. For example, an account is permanently disabled when a staff member leaves your organization. A disabled account appears in the tree of the Staff Accounts management console if Show Disabled setting is enabled, but you cannot deselect the Permanently Disable check box if you edit the account. You can reuse the login name of a permanently disabled account for a different account. The default value is false.",Checkbox,not measured,,,,,,,"","",,"",""
accounts,attributes.staffAssignmentDisabled,StaffAssignmentDisabled,standard,false,boolean,"",,false,"","Indicates whether the staff member's account cannot be assigned to incidents, answers, opportunities, and tasks. The default value is false.",Checkbox,not measured,,,,,,,"","",,"",""
accounts,attributes.viewsReportsDisabled,ViewsReportsDisabled,standard,false,boolean,"",,false,"",Indicates whether the staff member's account cannot be included in the list for filters in reports. The default value is false.,Checkbox,not measured,,,,,,,"","",,"",""
accounts,attributes.virtualAccount,VirtualAccount,standard,false,boolean,"",,true,"",Indicates whether the staff member's account is virtual. The default value is false. This attribute is read-only.,Checkbox,not measured,,,,,,,"","",,"",""
answerVersions,notes.channel,Channel,standard,true,object,"",,false,channel,The channel through which the note was created.,Picklist,not measured,,,,,,41,CSS Email;MA Email;Phone;Fax;Post;CSS Web;MA Web;Chat;Email;Community;Twitter;YouTube;Facebook;SRM Engage;Facebook Public;Facebook Private;Facebook Mixed;Twitter Public;Twitter Private;Twitter Mixed;Instagram Public;Instagram Private;Instagram Mixed;WeChat Public;WeChat Private;WeChat Mixed;Sina Weibo Public;Sina Weibo Private;Sina Weibo Mixed;LinkedIn Public;LinkedIn Private;LinkedIn Mixed;Tumblr Public;Tumblr Private;Tumblr Mixed;WhatsApp Public;WhatsApp Private;WhatsApp Mixed;Snapchat Public;Snapchat Private;Snapchat Mixed,Same list as answers.notes.channel,,"",""
answerVersions,notes.createdByAccount,CreatedByAccount,standard,false,object,"",,true,accounts,The staff member account that created the note.,Lookup(User),not measured,,,,,,,"","",,"",""
answerVersions,notes.createdTime,CreatedTime,standard,false,string,date-time,,true,"",The date and time when the note was created. This attribute is read-only.,Date/Time,not measured,,,,,,,"","",,"",""
answerVersions,notes.id,ID,standard,false,integer,"",,false,"",The unique identifier of the note.,Number,not measured,,,,,,,"","",,"",""
answerVersions,notes.text,Text,standard,false,string,"",349525,false,"",The text content in the note.,Text Area (Long),not measured,,,,,,,"","",,"",""
answerVersions,notes.updatedByAccount,UpdatedByAccount,standard,false,object,"",,true,accounts,The staff member account that updated the note.,Lookup(User),not measured,,,,,,,"","",,"",""
answerVersions,notes.updatedTime,UpdatedTime,standard,false,string,date-time,,true,"",The date and time when the note was last updated. This attribute is read-only.,Date/Time,not measured,,,,,,,"","",,"",""
serviceDispositions,names.labelText,LabelText,standard,false,string,"",80,false,"",The language-specific label text. The value cannot be null or empty.,Text(80),not measured,,,,,,,"","",,"",""
serviceDispositions,names.language,Language,standard,true,object,"",,false,language,The ID of the language. This is the key for the list entry.,Picklist,not measured,,,,,,2,en_US;es_ES,Shared Oracle list for language,,"",""
variables,interfaceValues.interface,Interface,standard,true,object,"",,false,siteInterfaces,The interface of the site.,Picklist,not measured,,,,,,3,nci;nci1;nci2,Rows of siteInterfaces,,"",""
variables,interfaceValues.value,Value,standard,false,string,"",1333,false,"",The description of the interface.,Text Area (Long),not measured,,,,,,,"","",,"",""
serviceProducts,dispositionLinks.serviceDisposition,ServiceDisposition,standard,true,object,"",,false,serviceDispositions,The ID of the service disposition. This is the key for the list entry.,Picklist,not measured,,,,,,25,Disconnected;Hang Up/Chat Terminated;Email No Response-Pick One;Rerouted;Smoking Cessation Transfer;Time Constraint;Invalid Email Address;Response Sent Through Outlook;Not Ready for Service;Email Not Needed;SRL  Only Sent/Email;No Answer;No Service Provided-Pick One;Cancer Transfer;Will Call Back;SPAM;Break Off-Pick One;Interruption;Spanish Transfer;Upset/Irate;Clinical Trial Transfer;Profane/Obscene;Humanify-No Answer;Other;Clinical Trial Transfer,Rows of serviceDispositions,,"",""
tasks,serviceSettings.answer,Answer,standard,false,object,"",,false,answers,The associated answer.,Lookup,not measured,,,,,,,"","",,"",""
tasks,serviceSettings.incident,Incident,standard,false,object,"",,false,incidents,The associated incident.,Lookup,not measured,,,,,,,"","",,"",""
incidents,sLAInstance.activeDate,ActiveDate,standard,false,string,date,,true,"",The date when the instance became active.,Date,not measured,,,,,,,"","",,"",""
incidents,sLAInstance.expireDate,ExpireDate,standard,false,string,date,,true,"",The date when the instance is scheduled to expire. This attribute is read-only.,Date,not measured,,,,,,,"","",,"",""
incidents,sLAInstance.id,ID,standard,false,integer,"",,true,"",The unique identifier of the SLAInstance.,Number,not measured,,,,,,,"","",,"",""
incidents,sLAInstance.nameOfSLA,NameOfSLA,standard,true,object,"",,false,nameOfSLA,The SLA from which the instance was created.,Picklist,not measured,,,,,,,"",No values defined in Oracle,,"",""
incidents,sLAInstance.remainingFromChat,RemainingFromChat,standard,false,integer,"",,true,"",The remaining number of chat incidents. This attribute is read-only.,Number,not measured,,,,,,,"","",,"",""
incidents,sLAInstance.remainingFromCSR,RemainingFromCSR,standard,false,integer,"",,true,"",The remaining number of CSR incidents. This attribute is read-only.,Number,not measured,,,,,,,"","",,"",""
incidents,sLAInstance.remainingFromEmail,RemainingFromEmail,standard,false,integer,"",,true,"",The remaining number of email incidents. This attribute is read-only.,Number,not measured,,,,,,,"","",,"",""
incidents,sLAInstance.remainingFromWeb,RemainingFromWeb,standard,false,integer,"",,true,"",The remaining number of web self-service incidents. This attribute is read-only.,Number,not measured,,,,,,,"","",,"",""
incidents,sLAInstance.remainingTotal,RemainingTotal,standard,false,integer,"",,true,"",The total number of remaining incidents. This attribute is read-only.,Number,not measured,,,,,,,"","",,"",""
incidents,sLAInstance.sLASet,SLASet,standard,false,integer,"",,true,"",The SLA set from which the instance was created. This attribute is read-only.,Number,not measured,,,,,,,"","",,"",""
incidents,sLAInstance.stateOfSLA,StateOfSLA,standard,true,object,"",,true,stateOfSLA,"The current state of the SLA. The supported values are Inactive, Active, Expired, or Disabled.",Picklist,not measured,,,,,,4,Inactive;Active;Expired;Disabled,This field's own list,,"",""
contacts,banner.importanceFlag,ImportanceFlag,standard,true,object,"",,false,importanceFlag,The importance of the banner.,Picklist,never used,97383,0,0.0,,0,3,Low;Medium;High,This field's own list,,"",""
contacts,banner.text,Text,standard,false,string,"",1333,false,"",The description of a flag.,Text Area (Long),not measured,,,,,,,"","",,"",""
contacts,banner.updatedByAccount,UpdatedByAccount,standard,false,object,"",,true,accounts,The staff account that most recently updated the banner flag and/or text. This attribute is read-only.,Lookup(User),not measured,,,,,,,"","",,"",""
contacts,banner.updatedTime,UpdatedTime,standard,false,string,date-time,,true,"",The date and time when the banner was last updated. This attribute is read-only.,Date/Time,not measured,,,,,,,"","",,"",""
answerVersions,assignedTo.account,Account,standard,false,object,"",,false,accounts,The staff account.,Lookup(User),not measured,,,,,,,"","",,"",""
answerVersions,assignedTo.staffGroup,StaffGroup,standard,true,object,"",,false,staffGroup,The staff group. The caller should assign the staff group when assigning to an account.,Picklist,not measured,,,,,,8,RightNow;Supervisors;Technical;NCI;Information Specialists;Remote Monitors;OD;special group,Same list as accounts.staffGroup,,"",""
answers,notes.channel,Channel,standard,true,object,"",,false,channel,The channel through which the note was created.,Picklist,not measured,,,,,,41,CSS Email;MA Email;Phone;Fax;Post;CSS Web;MA Web;Chat;Email;Community;Twitter;YouTube;Facebook;SRM Engage;Facebook Public;Facebook Private;Facebook Mixed;Twitter Public;Twitter Private;Twitter Mixed;Instagram Public;Instagram Private;Instagram Mixed;WeChat Public;WeChat Private;WeChat Mixed;Sina Weibo Public;Sina Weibo Private;Sina Weibo Mixed;LinkedIn Public;LinkedIn Private;LinkedIn Mixed;Tumblr Public;Tumblr Private;Tumblr Mixed;WhatsApp Public;WhatsApp Private;WhatsApp Mixed;Snapchat Public;Snapchat Private;Snapchat Mixed,This field's own list,,"",""
answers,notes.createdByAccount,CreatedByAccount,standard,false,object,"",,true,accounts,The staff member account that created the note.,Lookup(User),not measured,,,,,,,"","",,"",""
answers,notes.createdTime,CreatedTime,standard,false,string,date-time,,true,"",The date and time when the note was created. This attribute is read-only.,Date/Time,not measured,,,,,,,"","",,"",""
answers,notes.id,ID,standard,false,integer,"",,false,"",The unique identifier of the note.,Number,not measured,,,,,,,"","",,"",""
answers,notes.text,Text,standard,false,string,"",349525,false,"",The text content in the note.,Text Area (Long),not measured,,,,,,,"","",,"",""
answers,notes.updatedByAccount,UpdatedByAccount,standard,false,object,"",,true,accounts,The staff member account that updated the note.,Lookup(User),not measured,,,,,,,"","",,"",""
answers,notes.updatedTime,UpdatedTime,standard,false,string,date-time,,true,"",The date and time when the note was last updated. This attribute is read-only.,Date/Time,not measured,,,,,,,"","",,"",""
analyticsReports,filters.name,Name,standard,false,string,"",80,false,"",The name of the filter.,Text(80),not measured,,,,,,,"","",,"",""
analyticsReports,filters.operator,Operator,standard,true,object,"",,false,operator,The operator used in the filter.,Picklist,not measured,,,,,,12,=;RANGE;IN LIST;>=;IS NULL;NE_OR_NULL;NOT IN LIST;LIKE;REGEX;IS NOT NULL;<>;>,Values seen in the report definitions pulled; may not be the full list,,"",""
analyticsReports,filters.values,Values,standard,false,array,"",1048576,false,"",The string representation of the values for the operator to apply. The right-hand side (RHS) of the filter value.,Related list or multi-select; confirm,not measured,,,,,,,"","",,"",""
analyticsReports,filters.dataType,DataType,standard,true,object,"",,false,dataType,The data type of the filter.,Picklist,not measured,,,,,,8,INT;DATE;MENU;VARCHAR;DATETIME;FLOAT;BIGINT;MEMO,Values seen in the report definitions pulled; may not be the full list,,"",""
analyticsReports,filters.prompt,Prompt,standard,false,string,"",80,false,"",The prompt for the filter.,Text(80),not measured,,,,,,,"","",,"",""
serviceProducts,descriptions.labelText,LabelText,standard,false,string,"",1333,false,"",The label text.,Text Area (Long),not measured,,,,,,,"","",,"",""
serviceProducts,descriptions.language,Language,standard,true,object,"",,false,language,The ID of the language. This is the key for the list entry.,Picklist,not measured,,,,,,2,en_US;es_ES,Shared Oracle list for language,,"",""
accountGroups,names.labelText,LabelText,standard,false,string,"",80,false,"",The language-specific label text. The value cannot be null or empty.,Text(80),not measured,,,,,,,"","",,"",""
accountGroups,names.language,Language,standard,true,object,"",,false,language,The ID of the language. This is the key for the list entry.,Picklist,not measured,,,,,,2,en_US;es_ES,Shared Oracle list for language,,"",""
contacts,nameFurigana.first,First,standard,false,string,"",80,false,"",The first name of the person.,Text(80),not measured,,,,,,,"","",,"",""
contacts,nameFurigana.last,Last,standard,false,string,"",80,false,"",The surname or last name of the person.,Text(80),not measured,,,,,,,"","",,"",""
answers,relatedAnswers.learnedStrength,LearnedStrength,standard,false,integer,"",,true,"",The relative relatedness of the linked answers.,Number,not measured,,,,,,,"","",,"",""
answers,relatedAnswers.manualStrength,ManualStrength,standard,false,integer,"",,false,"",The static strength of the link.,Number,not measured,,,,,,,"","",,"",""
answers,relatedAnswers.similarityStrength,SimilarityStrength,standard,false,integer,"",,true,"",The strength of the link calculated by the link-clustering algorithms based on the content similarity of the answers.,Number,not measured,,,,,,,"","",,"",""
answers,relatedAnswers.toAnswer,ToAnswer,standard,false,object,"",,false,answers,The answer to which this answer is linked. It is usually an answer that was viewed after this answer. This is the key for the list entry.,Lookup,not measured,,,,,,,"","",,"",""
standardContents,attributes.displayRightToLeft,DisplayRightToLeft,standard,false,boolean,"",,false,"",Indicates whether the content presentation is from right to left. The default value is false.,Checkbox,not measured,,,,,,,"","",,"",""
organizations,salesSettings.acquiredDate,AcquiredDate,standard,false,string,date,,true,"",The date when the first opportunity associated with the organization was closed. This attribute is read-only.,Date,not measured,,,,,,,"","",,"",""
organizations,salesSettings.salesAccount,SalesAccount,standard,false,object,"",,false,accounts,The sales representative assigned to the account.,Lookup(User),not measured,,,,,,,"","",,"",""
standardContents,contentValues.contentType,ContentType,standard,true,object,"",,false,contentType,The content type of the data.,Picklist,not measured,,,,,,2,Text;HTML,This field's own list,,"",""
standardContents,contentValues.value,Value,standard,false,string,"",1048576,false,"",The formatted data for the associated content type.,Text Area (Long),not measured,,,,,,,"","",,"",""
analyticsReports,names.labelText,LabelText,standard,false,string,"",80,false,"",The language-specific label text. The value cannot be null or empty.,Text(80),not measured,,,,,,,"","",,"",""
analyticsReports,names.language,Language,standard,true,object,"",,false,language,The ID of the language. This is the key for the list entry.,Picklist,not measured,,,,,,2,en_US;es_ES,Shared Oracle list for language,,"",""
incidents,fileAttachments.contentType,ContentType,standard,false,string,"",129,false,"","The MIME content type of the file. For example, text/plain, audio/mp3, image/jpg, and so on.",Text(129),not measured,,,,,,,"","",,"",""
incidents,fileAttachments.createdTime,CreatedTime,standard,false,string,date-time,,true,"",The date and time when the file was associated with the incident. This attribute is read-only.,Date/Time,not measured,,,,,,,"","",,"",""
incidents,fileAttachments.data,Data,standard,false,string,"",,true,"",The Base64 encoded data contained in the file. The maximum supported length is defined by the maximum number of bytes allowed by this field.,Text Area (Long) or Rich Text; confirm,not measured,,,,,,,"","",,"",""
incidents,fileAttachments.fileName,FileName,standard,false,string,"",100,false,"",The name of the file when saving it to the disk.,Text(100),not measured,,,,,,,"","",,"",""
incidents,fileAttachments.formData,FormData,standard,false,string,"",,true,"",The HTML form which is used to upload file attachments.,Text Area (Long) or Rich Text; confirm,not measured,,,,,,,"","",,"",""
incidents,fileAttachments.id,ID,standard,false,integer,"",,false,"",The unique identifier of the file attachment.,Number,not measured,,,,,,,"","",,"",""
incidents,fileAttachments.size,Size,standard,false,integer,"",,true,"",The size of the file in bytes. This attribute is read-only.,Number,not measured,,,,,,,"","",,"",""
incidents,fileAttachments.updatedTime,UpdatedTime,standard,false,string,date-time,,true,"",The date and time when the file was last updated. This attribute is read-only.,Date/Time,not measured,,,,,,,"","",,"",""
incidents,fileAttachments.uRL,URL,standard,false,string,"",1333,true,"",The URL to access this file.,Text Area (Long),not measured,,,,,,,"","",,"",""
incidents,fileAttachments.description,Description,standard,false,string,"",1333,false,"",The description for the contents of the file attachment.,Text Area (Long),not measured,,,,,,,"","",,"",""
incidents,fileAttachments.name,Name,standard,false,string,"",40,false,"",The short display name of the file attachment.,Text(40),not measured,,,,,,,"","",,"",""
incidents,fileAttachments.private,Private,standard,false,boolean,"",,false,"",Indicates whether the file attachment is hidden from the end users. This attribute does not have a default value.,Checkbox,not measured,,,,,,,"","",,"",""
contacts,openIDAccounts.id,ID,standard,false,integer,"",,true,"",The unique identifier for the list entry.,Number,not measured,,,,,,,"","",,"",""
contacts,openIDAccounts.uRL,URL,standard,false,string,"",255,true,"",The unique authentication URL for the OpenIDAccount item.,Text(255),not measured,,,,,,,"","",,"",""
serviceCategories,names.labelText,LabelText,standard,false,string,"",80,false,"",The language-specific label text. The value cannot be null or empty.,Text(80),not measured,,,,,,,"","",,"",""
serviceCategories,names.language,Language,standard,true,object,"",,false,language,The ID of the language. This is the key for the list entry.,Picklist,not measured,,,,,,2,en_US;es_ES,Shared Oracle list for language,,"",""
serviceProducts,categoryLinks.serviceCategory,ServiceCategory,standard,true,object,"",,false,serviceCategories,The ID of the service category. This is the key for the list entry.,Picklist,not measured,,,,,,29,NCI-Designated Cancer Centers;Breast (Mammograms);Templates;Appreciation;Screening;Cervical;Empathy;Rejection;Colon;Referrals to HP/Treatment Facility;Standard Language;Clarification;Financial Assistance:Health/Medical;Disclaimers;Financial Assistance: Non-Medical;Resource Specific;Support: Psychosocial;Clinical Trials;HPV;Technical Problems;State Organizations;Links;International;CAM;Tobacco Cessation;Childhood;Announcements/In The News;PIQ Email Library;PIQ Standard Text,Rows of serviceCategories,,"",""
contacts,address.city,City,standard,false,string,"",80,false,"",The name of the city.,Text(80),not measured,,,,,,,"","",,"",""
contacts,address.country,Country,standard,true,object,"",,false,countries,The ID of the country.,Picklist,not measured,,,,,,1,US,Rows of countries,,"",""
contacts,address.postalCode,PostalCode,standard,false,string,"",10,false,"",The postal code or the ZIP code.,Text(10),not measured,,,,,,,"","",,"",""
contacts,address.stateOrProvince,StateOrProvince,standard,true,object,"",,false,stateOrProvince,The ID of the state or province.,Picklist,not measured,,,,,,59,AK;AL;AR;AS;AZ;CA;CO;CT;DC;DE;FL;FM;GA;GU;HI;IA;ID;IL;IN;KS;KY;LA;MA;MD;ME;MH;MI;MN;MO;MP;MS;MT;NC;ND;NE;NH;NJ;NM;NV;NY;OH;OK;OR;PA;PR;PW;RI;SC;SD;TN;TX;UT;VA;VI;VT;WA;WI;WV;WY,This field's own list,,"",""
contacts,address.street,Street,standard,false,string,"",240,false,"",The street address.,Text(240),not measured,,,,,,,"","",,"",""
serviceMailboxes,outgoingEmailSettings.displayName,DisplayName,standard,false,string,"",80,false,"",The display name used in the outgoing emails from the mailbox.,Text(80),not measured,,,,,,,"","",,"",""
serviceMailboxes,outgoingEmailSettings.friendlyFromAddress,FriendlyFromAddress,standard,false,string,"",255,false,"",The from address used to brand outgoing emails as friendly.,Text(255),not measured,,,,,,,"","",,"",""
serviceMailboxes,outgoingEmailSettings.fromAddress,FromAddress,standard,false,string,"",255,false,"",The from address on the outgoing email.,Text(255),not measured,,,,,,,"","",,"",""
serviceMailboxes,outgoingEmailSettings.isEnabled,IsEnabled,standard,false,boolean,"",,false,"",Indicates whether outgoing email is enabled. This attribute does not have a default value.,Checkbox,not measured,,,,,,,"","",,"",""
serviceMailboxes,outgoingEmailSettings.replyToAddress,ReplyToAddress,standard,false,string,"",255,false,"",The reply-to-address on the outgoing email.,Text(255),not measured,,,,,,,"","",,"",""
tasks,fileAttachments.contentType,ContentType,standard,false,string,"",129,false,"","The MIME content type of the file. For example, text/plain, audio/mp3, image/jpg, and so on.",Text(129),not measured,,,,,,,"","",,"",""
tasks,fileAttachments.createdTime,CreatedTime,standard,false,string,date-time,,true,"",The date and time when the file was associated with the object. This attribute is read-only.,Date/Time,not measured,,,,,,,"","",,"",""
tasks,fileAttachments.data,Data,standard,false,string,"",,true,"",The Base64 encoded data contained in the file. The maximum supported length is defined by the maximum number of bytes allowed by this field.,Text Area (Long) or Rich Text; confirm,not measured,,,,,,,"","",,"",""
tasks,fileAttachments.fileName,FileName,standard,false,string,"",100,false,"",The name of the file when saving it to the disk.,Text(100),not measured,,,,,,,"","",,"",""
tasks,fileAttachments.formData,FormData,standard,false,string,"",,true,"",The HTML form which is used to upload file attachments.,Text Area (Long) or Rich Text; confirm,not measured,,,,,,,"","",,"",""
tasks,fileAttachments.id,ID,standard,false,integer,"",,false,"",The unique identifier of the file attachment.,Number,not measured,,,,,,,"","",,"",""
tasks,fileAttachments.size,Size,standard,false,integer,"",,true,"",The size of the file in bytes. This attribute is read-only.,Number,not measured,,,,,,,"","",,"",""
tasks,fileAttachments.updatedTime,UpdatedTime,standard,false,string,date-time,,true,"",The date and time when the file attachment was last updated. This attribute is read-only.,Date/Time,not measured,,,,,,,"","",,"",""
tasks,fileAttachments.uRL,URL,standard,false,string,"",1333,true,"",The URL to access this file.,Text Area (Long),not measured,,,,,,,"","",,"",""
tasks,fileAttachments.description,Description,standard,false,string,"",1333,false,"",The description for the contents of the file attachment.,Text Area (Long),not measured,,,,,,,"","",,"",""
tasks,fileAttachments.name,Name,standard,false,string,"",40,false,"",The short display name of the file attachment.,Text(40),not measured,,,,,,,"","",,"",""
mailboxes,outgoingEmailSettings.displayName,DisplayName,standard,false,string,"",80,false,"",The display name used in the outgoing emails from the mailbox.,Text(80),not measured,,,,,,,"","",,"",""
mailboxes,outgoingEmailSettings.friendlyFromAddress,FriendlyFromAddress,standard,false,string,"",255,false,"",The from address used to brand outgoing emails as friendly.,Text(255),not measured,,,,,,,"","",,"",""
mailboxes,outgoingEmailSettings.fromAddress,FromAddress,standard,false,string,"",255,false,"",The from address on the outgoing email.,Text(255),not measured,,,,,,,"","",,"",""
mailboxes,outgoingEmailSettings.isEnabled,IsEnabled,standard,false,boolean,"",,false,"",Indicates whether outgoing email is enabled. This attribute does not have a default value.,Checkbox,not measured,,,,,,,"","",,"",""
mailboxes,outgoingEmailSettings.replyToAddress,ReplyToAddress,standard,false,string,"",255,false,"",The reply-to-address on the outgoing email.,Text(255),not measured,,,,,,,"","",,"",""
organizations,notes.channel,Channel,standard,true,object,"",,false,channel,The channel through which the note was created.,Picklist,not measured,,,,,,41,CSS Email;MA Email;Phone;Fax;Post;CSS Web;MA Web;Chat;Email;Community;Twitter;YouTube;Facebook;SRM Engage;Facebook Public;Facebook Private;Facebook Mixed;Twitter Public;Twitter Private;Twitter Mixed;Instagram Public;Instagram Private;Instagram Mixed;WeChat Public;WeChat Private;WeChat Mixed;Sina Weibo Public;Sina Weibo Private;Sina Weibo Mixed;LinkedIn Public;LinkedIn Private;LinkedIn Mixed;Tumblr Public;Tumblr Private;Tumblr Mixed;WhatsApp Public;WhatsApp Private;WhatsApp Mixed;Snapchat Public;Snapchat Private;Snapchat Mixed,This field's own list,,"",""
organizations,notes.createdByAccount,CreatedByAccount,standard,false,object,"",,true,accounts,The staff member account that created the note.,Lookup(User),not measured,,,,,,,"","",,"",""
organizations,notes.createdTime,CreatedTime,standard,false,string,date-time,,true,"",The date and time when the note was created. This attribute is read-only.,Date/Time,not measured,,,,,,,"","",,"",""
organizations,notes.id,ID,standard,false,integer,"",,false,"",The unique identifier of the note.,Number,not measured,,,,,,,"","",,"",""
organizations,notes.text,Text,standard,false,string,"",349525,false,"",The text content in the note.,Text Area (Long),not measured,,,,,,,"","",,"",""
organizations,notes.updatedByAccount,UpdatedByAccount,standard,false,object,"",,true,accounts,The staff member account that updated the note.,Lookup(User),not measured,,,,,,,"","",,"",""
organizations,notes.updatedTime,UpdatedTime,standard,false,string,date-time,,true,"",The date and time when the note was last updated. This attribute is read-only.,Date/Time,not measured,,,,,,,"","",,"",""
standardContents,folder.id,ID,standard,false,integer,"",,false,"",ID value,Number,not measured,,,,,,,"","",,"",""
standardContents,folder.lookupName,LookupName,standard,false,string,"",255,false,"",Name used to lookup this object,Text(255),not measured,,,,,,,"","",,"",""
answers,versionDetail.draftTime,DraftTime,standard,false,string,date-time,,false,"",The date and time when the draft answer version was created.,Date/Time,not measured,,,,,,,"","",,"",""
answers,versionDetail.draftNote,DraftNote,standard,false,string,"",1333,false,"",The draft note for the answer version.,Text Area (Long),not measured,,,,,,,"","",,"",""
answers,versionDetail.publishedTime,PublishedTime,standard,false,string,date-time,,false,"",The date and time when the draft answer version was published.,Date/Time,not measured,,,,,,,"","",,"",""
answers,versionDetail.publishNote,PublishNote,standard,false,string,"",1333,false,"",The published note for the answer version.,Text Area (Long),not measured,,,,,,,"","",,"",""
answers,versionDetail.state,State,standard,true,object,"",,false,state,The state of the version.,Picklist,not measured,,,,,,3,Draft;Live;Historical,This field's own list,,"",""
answers,versionDetail.unpublishedTime,UnpublishedTime,standard,false,string,date-time,,false,"",The date and time when the answer version was unpublished.,Date/Time,not measured,,,,,,,"","",,"",""
analyticsReports,columns.dataType,DataType,standard,true,object,"",,false,dataType,The data type of the column.,Picklist,not measured,,,,,,8,INT;DATE;MENU;VARCHAR;DATETIME;FLOAT;BIGINT;MEMO,Values seen in the report definitions pulled; may not be the full list,,"",""
analyticsReports,columns.description,Description,standard,false,string,"",349525,false,"",The description of the column in the report.,Text Area (Long),not measured,,,,,,,"","",,"",""
analyticsReports,columns.heading,Heading,standard,false,string,"",349525,false,"",The column heading in the report.,Text Area (Long),not measured,,,,,,,"","",,"",""
incidents,banner.importanceFlag,ImportanceFlag,standard,true,object,"",,false,importanceFlag,The importance of the banner.,Picklist,historical only,166883,0,0.0,,11,3,Low;Medium;High,This field's own list,,"",""
incidents,banner.text,Text,standard,false,string,"",1333,false,"",The description of a flag.,Text Area (Long),not measured,,,,,,,"","",,"",""
incidents,banner.updatedByAccount,UpdatedByAccount,standard,false,object,"",,true,accounts,The staff account that most recently updated the banner flag and/or text. This attribute is read-only.,Lookup(User),not measured,,,,,,,"","",,"",""
incidents,banner.updatedTime,UpdatedTime,standard,false,string,date-time,,true,"",The date and time when the banner was last updated. This attribute is read-only.,Date/Time,not measured,,,,,,,"","",,"",""
serviceMailboxes,incomingEmailSettings.forceReplyBetweenLines,ForceReplyBetweenLines,standard,false,boolean,"",,false,"",Indicates whether the Force Reply Between the Lines feature is enabled for outgoing emails from the mailbox. This attribute does not have a default value.,Checkbox,not measured,,,,,,,"","",,"",""
serviceMailboxes,incomingEmailSettings.forwardRejectMessageAddress,ForwardRejectMessageAddress,standard,false,string,"",255,false,"",The address to which rejected messages are sent.,Text(255),not measured,,,,,,,"","",,"",""
serviceMailboxes,incomingEmailSettings.isEnabled,IsEnabled,standard,false,boolean,"",,false,"",Indicates whether incoming email option is enabled. This attribute does not have a default value.,Checkbox,not measured,,,,,,,"","",,"",""
organizations,fileAttachments.contentType,ContentType,standard,false,string,"",129,false,"","The MIME content type of the file. For example, text/plain, audio/mp3, image/jpg, and so on.",Text(129),not measured,,,,,,,"","",,"",""
organizations,fileAttachments.createdTime,CreatedTime,standard,false,string,date-time,,true,"",The date and time when the file was associated with the object. This attribute is read-only.,Date/Time,not measured,,,,,,,"","",,"",""
organizations,fileAttachments.data,Data,standard,false,string,"",,true,"",The Base64 encoded data contained in the file. The maximum supported length is defined by the maximum number of bytes allowed by this field.,Text Area (Long) or Rich Text; confirm,not measured,,,,,,,"","",,"",""
organizations,fileAttachments.fileName,FileName,standard,false,string,"",100,false,"",The name of the file when saving it to the disk.,Text(100),not measured,,,,,,,"","",,"",""
organizations,fileAttachments.formData,FormData,standard,false,string,"",,true,"",The HTML form which is used to upload file attachments.,Text Area (Long) or Rich Text; confirm,not measured,,,,,,,"","",,"",""
organizations,fileAttachments.id,ID,standard,false,integer,"",,false,"",The unique identifier of the file attachment.,Number,not measured,,,,,,,"","",,"",""
organizations,fileAttachments.size,Size,standard,false,integer,"",,true,"",The size of the file in bytes. This attribute is read-only.,Number,not measured,,,,,,,"","",,"",""
organizations,fileAttachments.updatedTime,UpdatedTime,standard,false,string,date-time,,true,"",The date and time when the file attachment was last updated. This attribute is read-only.,Date/Time,not measured,,,,,,,"","",,"",""
organizations,fileAttachments.uRL,URL,standard,false,string,"",1333,true,"",The URL to access this file.,Text Area (Long),not measured,,,,,,,"","",,"",""
organizations,fileAttachments.description,Description,standard,false,string,"",1333,false,"",The description for the contents of the file attachment.,Text Area (Long),not measured,,,,,,,"","",,"",""
organizations,fileAttachments.name,Name,standard,false,string,"",40,false,"",The short display name of the file attachment.,Text(40),not measured,,,,,,,"","",,"",""
standardContents,usage.chatText,ChatText,standard,false,boolean,"",,false,"",Indicates whether the content is used in a chat session. The default value is false.,Checkbox,not measured,,,,,,,"","",,"",""
standardContents,usage.chatURL,ChatURL,standard,false,boolean,"",,false,"",Indicates whether the content is used in the URL of a chat session. The default value is false.,Checkbox,not measured,,,,,,,"","",,"",""
standardContents,usage.incidentText,IncidentText,standard,false,boolean,"",,false,"",Indicates whether the content is used in an incident. The default value is false.,Checkbox,not measured,,,,,,,"","",,"",""
standardContents,usage.ruleText,RuleText,standard,false,boolean,"",,false,"",Indicates whether the content is used in a rule. The default value is false.,Checkbox,not measured,,,,,,,"","",,"",""
organizations,addresses.city,City,standard,false,string,"",80,false,"",The name of the city.,Text(80),not measured,,,,,,,"","",,"",""
organizations,addresses.country,Country,standard,true,object,"",,false,countries,The ID of the country.,Picklist,not measured,,,,,,1,US,Rows of countries,,"",""
organizations,addresses.postalCode,PostalCode,standard,false,string,"",10,false,"",The postal code or ZIP code.,Text(10),not measured,,,,,,,"","",,"",""
organizations,addresses.stateOrProvince,StateOrProvince,standard,true,object,"",,false,stateOrProvince,The ID of the state or province.,Picklist,not measured,,,,,,59,AK;AL;AR;AS;AZ;CA;CO;CT;DC;DE;FL;FM;GA;GU;HI;IA;ID;IL;IN;KS;KY;LA;MA;MD;ME;MH;MI;MN;MO;MP;MS;MT;NC;ND;NE;NH;NJ;NM;NV;NY;OH;OK;OR;PA;PR;PW;RI;SC;SD;TN;TX;UT;VA;VI;VT;WA;WI;WV;WY,This field's own list,,"",""
organizations,addresses.street,Street,standard,false,string,"",240,false,"",The street address.,Text(240),not measured,,,,,,,"","",,"",""
organizations,addresses.addressType,AddressType,standard,true,object,"",,false,addressType,"The type of address, such as mailing, street, and so on. This is the key for the list entry.",Picklist,not measured,,,,,,2,Billing;Shipping,This field's own list,,"",""
incidents,milestoneInstances.resolutionDueTime,ResolutionDueTime,standard,false,string,"",,true,"",The date and time when the associated resolution milestone is due.,Text Area (Long) or Rich Text; confirm,not measured,,,,,,,"","",,"",""
incidents,milestoneInstances.milestone,Milestone,standard,true,object,"",,true,milestone,The ID of the associated milestone.,Picklist,not measured,,,,,,1,Resolution Due,This field's own list,,"",""
incidents,threads.account,Account,standard,false,object,"",,true,accounts,The associated staff account. This attribute is read-only.,Lookup(User),not measured,,,,,,,"","",,"",""
incidents,threads.channel,Channel,standard,true,object,"",,true,channel,The associated communication channel.,Picklist,not measured,,,,,,41,CSS Email;MA Email;Phone;Fax;Post;CSS Web;MA Web;Chat;Email;Community;Twitter;YouTube;Facebook;SRM Engage;Facebook Public;Facebook Private;Facebook Mixed;Twitter Public;Twitter Private;Twitter Mixed;Instagram Public;Instagram Private;Instagram Mixed;WeChat Public;WeChat Private;WeChat Mixed;Sina Weibo Public;Sina Weibo Private;Sina Weibo Mixed;LinkedIn Public;LinkedIn Private;LinkedIn Mixed;Tumblr Public;Tumblr Private;Tumblr Mixed;WhatsApp Public;WhatsApp Private;WhatsApp Mixed;Snapchat Public;Snapchat Private;Snapchat Mixed,This field's own list,,"",""
incidents,threads.contact,Contact,standard,false,object,"",,true,contacts,The associated contact.,Lookup,not measured,,,,,,,"","",,"",""
incidents,threads.contentType,ContentType,standard,true,object,"",,true,contentType,"The MIME content type of the file. For example, text/plain, audio/mp3, image/jpg, and so on.",Picklist,not measured,,,,,,2,text/plain;text/html,This field's own list,,"",""
incidents,threads.createdTime,CreatedTime,standard,false,string,date-time,,true,"",The date and time when the thread was created. This attribute is read-only.,Date/Time,not measured,,,,,,,"","",,"",""
incidents,threads.displayOrder,DisplayOrder,standard,false,integer,"",,true,"",The relative display order for the threads with the same created time. This attribute is read-only.,Number,not measured,,,,,,,"","",,"",""
incidents,threads.entryType,EntryType,standard,true,object,"",,false,entryType,The entry type.,Picklist,not measured,,,,,,8,Note;Staff Account;Customer;Customer Proxy;Chat;Rule Response;Rule Response Template;Voice Integration,This field's own list,,"",""
incidents,threads.id,ID,standard,false,integer,"",,false,"",The unique identifier of the thread. It cannot be used for delete operations.,Number,not measured,,,,,,,"","",,"",""
incidents,threads.mailHeader,MailHeader,standard,false,string,"",349525,true,"",The mail header information for a contact submitting the thread by email.,Text Area (Long),not measured,,,,,,,"","",,"",""
incidents,threads.text,Text,standard,false,string,"",349525,false,"",The entry text in the thread.,Text Area (Long),not measured,,,,,,,"","",,"",""
accounts,name.first,First,standard,false,string,"",80,false,"",The first name of the person.,Text(80),not measured,,,,,,,"","",,"",""
accounts,name.last,Last,standard,false,string,"",80,false,"",The surname or last name of the person.,Text(80),not measured,,,,,,,"","",,"",""
channelTypes,names.labelText,LabelText,standard,false,string,"",80,false,"",The language-specific label text. The value cannot be null or empty.,Text(80),not measured,,,,,,,"","",,"",""
channelTypes,names.language,Language,standard,true,object,"",,false,language,The ID of the language. This is the key for the list entry.,Picklist,not measured,,,,,,2,en_US;es_ES,Shared Oracle list for language,,"",""
mailboxes,incomingEmailSettings.forceReplyBetweenLines,ForceReplyBetweenLines,standard,false,boolean,"",,false,"",Indicates whether the Force Reply Between the Lines feature is enabled for outgoing emails from the mailbox. This attribute does not have a default value.,Checkbox,not measured,,,,,,,"","",,"",""
mailboxes,incomingEmailSettings.forwardRejectMessageAddress,ForwardRejectMessageAddress,standard,false,string,"",255,false,"",The address to which rejected messages are sent.,Text(255),not measured,,,,,,,"","",,"",""
mailboxes,incomingEmailSettings.isEnabled,IsEnabled,standard,false,boolean,"",,false,"",Indicates whether incoming email option is enabled. This attribute does not have a default value.,Checkbox,not measured,,,,,,,"","",,"",""
answers,banner.importanceFlag,ImportanceFlag,standard,true,object,"",,false,importanceFlag,The importance of the banner.,Picklist,not measured,,,,,,3,Low;Medium;High,This field's own list,,"",""
answers,banner.text,Text,standard,false,string,"",1333,false,"",The description of a flag.,Text Area (Long),not measured,,,,,,,"","",,"",""
answers,banner.updatedByAccount,UpdatedByAccount,standard,false,object,"",,true,accounts,The staff account that most recently updated the banner flag and/or text. This attribute is read-only.,Lookup(User),not measured,,,,,,,"","",,"",""
answers,banner.updatedTime,UpdatedTime,standard,false,string,date-time,,true,"",The date and time when the banner was last updated. This attribute is read-only.,Date/Time,not measured,,,,,,,"","",,"",""
answers,commonAttachments.contentType,ContentType,standard,false,string,"",129,false,"","The MIME content type of the file. For example, text/plain, audio/mp3, image/jpg, and so on.",Text(129),not measured,,,,,,,"","",,"",""
answers,commonAttachments.createdTime,CreatedTime,standard,false,string,date-time,,true,"",The date and time when the file was associated with the answer. This attribute is read-only.,Date/Time,not measured,,,,,,,"","",,"",""
answers,commonAttachments.data,Data,standard,false,string,"",,true,"",The Base64 encoded data contained in the file. The maximum supported length is defined by the maximum number of bytes allowed by this field.,Text Area (Long) or Rich Text; confirm,not measured,,,,,,,"","",,"",""
answers,commonAttachments.fileName,FileName,standard,false,string,"",100,false,"",The name of the file when saving it to the disk.,Text(100),not measured,,,,,,,"","",,"",""
answers,commonAttachments.formData,FormData,standard,false,string,"",,true,"","",Text Area (Long) or Rich Text; confirm,not measured,,,,,,,"","",,"",""
answers,commonAttachments.id,ID,standard,false,integer,"",,false,"",The unique identifier of the file attachment.,Number,not measured,,,,,,,"","",,"",""
answers,commonAttachments.size,Size,standard,false,integer,"",,true,"",The size of the file in bytes. This attribute is read-only.,Number,not measured,,,,,,,"","",,"",""
answers,commonAttachments.updatedTime,UpdatedTime,standard,false,string,date-time,,true,"",The date and time when the file was last updated. This attribute is read-only.,Date/Time,not measured,,,,,,,"","",,"",""
answers,commonAttachments.uRL,URL,standard,false,string,"",1333,true,"",The URL to access this file.,Text Area (Long),not measured,,,,,,,"","",,"",""
answers,commonAttachments.disabled,Disabled,standard,false,boolean,"",,false,"","Indicates whether the file attachment is hidden when the associated answer is viewed. If the Private flag is not set, this flag hides the file attachment. This attribute does not have a default value.",Checkbox,not measured,,,,,,,"","",,"",""
answers,commonAttachments.private,Private,standard,false,boolean,"",,false,"",Indicates whether the file attachment is hidden from the end users. This attribute does not have a default value.,Checkbox,not measured,,,,,,,"","",,"",""
tasks,notes.channel,Channel,standard,true,object,"",,false,channel,The channel through which the note was created.,Picklist,not measured,,,,,,41,CSS Email;MA Email;Phone;Fax;Post;CSS Web;MA Web;Chat;Email;Community;Twitter;YouTube;Facebook;SRM Engage;Facebook Public;Facebook Private;Facebook Mixed;Twitter Public;Twitter Private;Twitter Mixed;Instagram Public;Instagram Private;Instagram Mixed;WeChat Public;WeChat Private;WeChat Mixed;Sina Weibo Public;Sina Weibo Private;Sina Weibo Mixed;LinkedIn Public;LinkedIn Private;LinkedIn Mixed;Tumblr Public;Tumblr Private;Tumblr Mixed;WhatsApp Public;WhatsApp Private;WhatsApp Mixed;Snapchat Public;Snapchat Private;Snapchat Mixed,This field's own list,,"",""
tasks,notes.createdByAccount,CreatedByAccount,standard,false,object,"",,true,accounts,The staff member account that created the note.,Lookup(User),not measured,,,,,,,"","",,"",""
tasks,notes.createdTime,CreatedTime,standard,false,string,date-time,,true,"",The date and time when the note was created. This attribute is read-only.,Date/Time,not measured,,,,,,,"","",,"",""
tasks,notes.id,ID,standard,false,integer,"",,false,"",The unique identifier of the note.,Number,not measured,,,,,,,"","",,"",""
tasks,notes.text,Text,standard,false,string,"",349525,false,"",The text content in the note.,Text Area (Long),not measured,,,,,,,"","",,"",""
tasks,notes.updatedByAccount,UpdatedByAccount,standard,false,object,"",,true,accounts,The staff member account that updated the note.,Lookup(User),not measured,,,,,,,"","",,"",""
tasks,notes.updatedTime,UpdatedTime,standard,false,string,date-time,,true,"",The date and time when the note was last updated. This attribute is read-only.,Date/Time,not measured,,,,,,,"","",,"",""
serviceCategories,productLinks.serviceProduct,ServiceProduct,standard,true,object,"",,false,serviceProducts,The ID of the service product. This is the key for the list entry.,Picklist,not measured,,,,,,7,Knowledge;National Organizations;Referral;Standard Response;Internal Information;PIQ;OD,Rows of serviceProducts,,"",""
tasks,statusWithType.status,Status,standard,true,object,"",,false,status,The current status.,Picklist,in use,83589,83589,100.0,,173112,5,Not Started;In Progress;Completed;Waiting;Deferred,This field's own list,1,Not Started,""
tasks,statusWithType.statusType,StatusType,standard,true,object,"",,true,statusType,The associated status type. This attribute is read-only.,Picklist,in use,83589,83589,100.0,,173112,3,Complete;Not Complete;Deferred,This field's own list,1,Not Complete,""
serviceDispositions,descriptions.labelText,LabelText,standard,false,string,"",1333,false,"",The label text.,Text Area (Long),not measured,,,,,,,"","",,"",""
serviceDispositions,descriptions.language,Language,standard,true,object,"",,false,language,The ID of the language. This is the key for the list entry.,Picklist,not measured,,,,,,2,en_US;es_ES,Shared Oracle list for language,,"",""
channelTypes,attributes.contactVisibility,ContactVisibility,standard,false,boolean,"",,false,"",Indicates whether the channel is visible to contacts. This attribute does not have a default value.,Checkbox,not measured,,,,,,,"","",,"",""
channelTypes,attributes.incoming,Incoming,standard,false,boolean,"",,false,"",Indicates whether it is an incoming channel. This attribute does not have a default value.,Checkbox,not measured,,,,,,,"","",,"",""
channelTypes,attributes.monitoring,Monitoring,standard,false,boolean,"",,false,"",Indicates whether it is a monitoring channel. This attribute does not have a default value.,Checkbox,not measured,,,,,,,"","",,"",""
channelTypes,attributes.outgoing,Outgoing,standard,false,boolean,"",,false,"",Indicates whether it is an outgoing channel. This attribute does not have a default value.,Checkbox,not measured,,,,,,,"","",,"",""
channelTypes,attributes.subscription,Subscription,standard,false,boolean,"",,false,"",Indicates whether it is a subscription channel. This attribute does not have a default value.,Checkbox,not measured,,,,,,,"","",,"",""
answerVersions,fileAttachments.contentType,ContentType,standard,false,string,"",129,false,"","The MIME content type of the file. For example, text/plain, audio/mp3, image/jpg, and so on.",Text(129),not measured,,,,,,,"","",,"",""
answerVersions,fileAttachments.createdTime,CreatedTime,standard,false,string,date-time,,true,"",The date and time when the file was associated with the answer. This attribute is read-only.,Date/Time,not measured,,,,,,,"","",,"",""
answerVersions,fileAttachments.data,Data,standard,false,string,"",,true,"",The Base64 encoded data contained in the file. The maximum supported length is defined by the maximum number of bytes allowed by this field.,Text Area (Long) or Rich Text; confirm,not measured,,,,,,,"","",,"",""
answerVersions,fileAttachments.fileName,FileName,standard,false,string,"",100,false,"",The name of the file when saving it to the disk.,Text(100),not measured,,,,,,,"","",,"",""
answerVersions,fileAttachments.formData,FormData,standard,false,string,"",,true,"",The HTML form which is used to upload file attachments.,Text Area (Long) or Rich Text; confirm,not measured,,,,,,,"","",,"",""
answerVersions,fileAttachments.id,ID,standard,false,integer,"",,false,"",The unique identifier of the file attachment.,Number,not measured,,,,,,,"","",,"",""
answerVersions,fileAttachments.size,Size,standard,false,integer,"",,true,"",The size of the file in bytes. This attribute is read-only.,Number,not measured,,,,,,,"","",,"",""
answerVersions,fileAttachments.updatedTime,UpdatedTime,standard,false,string,date-time,,true,"",The date and time when the file was last updated. This attribute is read-only.,Date/Time,not measured,,,,,,,"","",,"",""
answerVersions,fileAttachments.uRL,URL,standard,false,string,"",1333,true,"",The URL to access the file.,Text Area (Long),not measured,,,,,,,"","",,"",""
answerVersions,fileAttachments.description,Description,standard,false,string,"",1333,false,"",The description for the contents of the file attachment.,Text Area (Long),not measured,,,,,,,"","",,"",""
answerVersions,fileAttachments.name,Name,standard,false,string,"",40,false,"",The short display name of the file attachment.,Text(40),not measured,,,,,,,"","",,"",""
answerVersions,fileAttachments.disabled,Disabled,standard,false,boolean,"",,false,"","Indicates whether the file attachment should be hidden when the associated answer is viewed. If the Private flag is not set, this flag hides the file attachment. This attribute does not have a default value.",Checkbox,not measured,,,,,,,"","",,"",""
answerVersions,fileAttachments.indexed,Indexed,standard,false,boolean,"",,false,"",Indicates whether the file attachment's contents are included in the keyword indexing of the answer. This attribute does not have a default value.,Checkbox,not measured,,,,,,,"","",,"",""
answerVersions,fileAttachments.private,Private,standard,false,boolean,"",,false,"",Indicates whether the file attachment is hidden from the end users. The default value is false.,Checkbox,not measured,,,,,,,"","",,"",""
answerVersions,relatedAnswers.learnedStrength,LearnedStrength,standard,false,integer,"",,true,"",The relative relatedness of the linked answers.,Number,not measured,,,,,,,"","",,"",""
answerVersions,relatedAnswers.manualStrength,ManualStrength,standard,false,integer,"",,false,"",The static strength of the link.,Number,not measured,,,,,,,"","",,"",""
answerVersions,relatedAnswers.similarityStrength,SimilarityStrength,standard,false,integer,"",,true,"",The strength of the link calculated by the link-clustering algorithms based on the content similarity of the answers.,Number,not measured,,,,,,,"","",,"",""
answerVersions,relatedAnswers.toAnswer,ToAnswer,standard,false,object,"",,false,answers,The answer to which this answer is linked. It is usually an answer that was viewed after this answer. This is the key for the list entry.,Lookup,not measured,,,,,,,"","",,"",""
serviceCategories,descriptions.labelText,LabelText,standard,false,string,"",1333,false,"",The label text.,Text Area (Long),not measured,,,,,,,"","",,"",""
serviceCategories,descriptions.language,Language,standard,true,object,"",,false,language,The ID of the language. This is the key for the list entry.,Picklist,not measured,,,,,,2,en_US;es_ES,Shared Oracle list for language,,"",""
incidents,statusWithType.status,Status,standard,true,object,"",,false,status,The current status.,Picklist,in use,166883,166883,100.0,,1167311,10,Unassigned;Completed;Waiting;Customer Response;Assigned;In Progress;Resource Support;Review;Review Complete;CT Search,This field's own list,9,Completed;Unassigned;In Progress;Assigned;Review Complete;Waiting;Resource Support;Customer Response;Review,""
incidents,statusWithType.statusType,StatusType,standard,true,object,"",,true,statusType,The associated status type. This attribute is read-only.,Picklist,in use,166883,166883,100.0,,1167311,3,Unresolved;Solved;Waiting,This field's own list,3,Solved;Unresolved;Waiting,""
tasks,marketingSettings.campaign,Campaign,standard,true,object,"",,false,campaigns,The associated campaign.,Picklist,not measured,,,,,,,"","Rows of Oracle's marketing campaigns, which are out of scope and not read",,"",""
tasks,marketingSettings.document,Document,standard,true,object,"",,false,document,The associated marketing document.,Picklist,not measured,,,,,,97,Page 1;Page 1;Incident Closed;Incident Receipt;Incident Solved;Incident Waiting;Incident Unresolved;Incident Denied;Incident Not Updated;Rules Incident Response;Rules Incident Information;Answer Watch;Answer Watch Expired;Answer Contact Forward;Contact Information;New Contact Password Reset;Existing Contact Password Reset;Contact Login Recovery;Quote Send;Signature Error;Signature Error - Incident Not Updated;Signature Error - Incident Not Created;Decryption Error;Decryption Error - Incident Not Updated;Decryption Error - Incident Not Created;Survey Proof;Incident Assigned;Incident Closed By Contact;Incident Reassigned;Incident Escalated;Incident Contact Updated;Incident Forward;Incident Reopened;Contact Forward;Answer Assigned;Answer Reassigned;Answer Reviewed;Answer Sibling Modified;Answer Escalated;Mailing Started;Mailing Finished;Mailing Error;System Error;Opportunity Assigned;Opportunity Reassigned;Opportunity Escalated;Opportunity Forward;Campaign Notification;Task Assigned;Task Reassigned;Task Escalated;Task Forward;Rules Opportunity Information;Rules Task Information;Application Error;Survey Notification;Scheduled Report Published;Report Queued;Account Password Reset;Account Username Recovery;Multiple Account Username Recovery;Organization Forward;Answer Forward;Quote Print;Answer Print;Contact Print;Incident Print;Opportunity Print;Organization Print;Task Print;Asset Print;Asset Forward;Page 1;Page 1;Page 1;Page 1;Page 1;Survey Proof Response;Mailing Proof Response;Social Discussion Forward;Social Question Subscription;Social Comment Subscription;Page 1;Page 1;Page 1;Page 1;Page 1;Page 1;Page 1;Page 1;Page 1;Page 1;Page 1;Page 1;Page 1;Account Mentioned in Incident;Email Asset Information,This field's own list,,"",""
tasks,marketingSettings.mailing,Mailing,standard,true,object,"",,false,mailing,The associated mailing.,Picklist,not measured,,,,,,,"",No values defined in Oracle,,"",""
tasks,marketingSettings.survey,Survey,standard,true,object,"",,false,survey,The associated survey.,Picklist,not measured,,,,,,28,Demographics by IS;Demographics by chat;VA Demographics;Email Satisfaction Survey;LH Satisfaction Survey;Phone Satisfaction Survey;Email Satisfaction Survey SP;Phone Satisfaction Survey SP;LH Satisfaction Survey SP;VA Satisfaction Survey;VA Satisfaction Survey LH;CT search;VA Follow-Up: 4 mos;Clinical Trials Training 1;VA Follow-Up: 7 mos;VA Follow-up: 13 mos.;CT Call Back 1;CT Call Back 2;CT Call Back 3;Suprevisor Check-in Survey;Demographics;Customer Satisfaction;CT Search;VA Follow-Up;CT training 1;Check-in Survey;CT Follow-Up;Trainings,This field's own list,,"",""
serviceDispositions,productLinks.serviceProduct,ServiceProduct,standard,true,object,"",,false,serviceProducts,The ID of the service product. This is the key for the list entry.,Picklist,not measured,,,,,,7,Knowledge;National Organizations;Referral;Standard Response;Internal Information;PIQ;OD,Rows of serviceProducts,,"",""
incidentResponse,bcc.emailAddresses,EmailAddresses,standard,false,array,"",,true,"",The email addresses of the recipients to whom the email is sent.,Related list or multi-select; confirm,not measured,,,,,,,"","",,"",""
Referrals.mReferralCountry,Labels.labelText,LabelText,standard,false,string,"",80,false,"",The language-specific label text. The value cannot be null or empty.,Text(80),not measured,,,,,,,"","",,"",""
OpenMethods.InteractionWorkflow,Notes.createdByAccount,CreatedByAccount,standard,false,object,"",,true,accounts,The staff member account that created the note.,Lookup(User),not measured,,,,,,,"","",,"",""
OpenMethods.InteractionWorkflow,Notes.createdTime,CreatedTime,standard,false,string,date-time,,true,"",The date and time when the note was created. This attribute is read-only.,Date/Time,not measured,,,,,,,"","",,"",""
OpenMethods.InteractionWorkflow,Notes.id,ID,standard,false,integer,"",,false,"",The unique identifier of the note.,Number,not measured,,,,,,,"","",,"",""
OpenMethods.InteractionWorkflow,Notes.text,Text,standard,false,string,"",349525,false,"",The text content in the note.,Text Area (Long),not measured,,,,,,,"","",,"",""
OpenMethods.InteractionWorkflow,Notes.updatedByAccount,UpdatedByAccount,standard,false,object,"",,true,accounts,The staff member account that updated the note.,Lookup(User),not measured,,,,,,,"","",,"",""
OpenMethods.InteractionWorkflow,Notes.updatedTime,UpdatedTime,standard,false,string,date-time,,true,"",The date and time when the note was last updated. This attribute is read-only.,Date/Time,not measured,,,,,,,"","",,"",""
SCIF.mPositiveInf,Labels.labelText,LabelText,standard,false,string,"",80,false,"",The language-specific label text. The value cannot be null or empty.,Text(80),not measured,,,,,,,"","",,"",""
contacts,serviceSettings.categoryNotifications.category,Category,standard,true,object,"",,false,serviceCategories,The category that will cause the notification to be sent. This is the key for the list entry.,Picklist,not measured,,,,,,29,NCI-Designated Cancer Centers;Breast (Mammograms);Templates;Appreciation;Screening;Cervical;Empathy;Rejection;Colon;Referrals to HP/Treatment Facility;Standard Language;Clarification;Financial Assistance:Health/Medical;Disclaimers;Financial Assistance: Non-Medical;Resource Specific;Support: Psychosocial;Clinical Trials;HPV;Technical Problems;State Organizations;Links;International;CAM;Tobacco Cessation;Childhood;Announcements/In The News;PIQ Email Library;PIQ Standard Text,Rows of serviceCategories,,"",""
contacts,serviceSettings.categoryNotifications.interface,Interface,standard,true,object,"",,false,siteInterfaces,The interface on which the notification was created.,Picklist,not measured,,,,,,3,nci;nci1;nci2,Rows of siteInterfaces,,"",""
contacts,serviceSettings.categoryNotifications.startTime,StartTime,standard,false,string,date-time,,false,"",The date and time when the notification period begins.,Date/Time,not measured,,,,,,,"","",,"",""
OpenMethods.HarmonyConfiguration,Notes.createdByAccount,CreatedByAccount,standard,false,object,"",,true,accounts,The staff member account that created the note.,Lookup(User),not measured,,,,,,,"","",,"",""
OpenMethods.HarmonyConfiguration,Notes.createdTime,CreatedTime,standard,false,string,date-time,,true,"",The date and time when the note was created. This attribute is read-only.,Date/Time,not measured,,,,,,,"","",,"",""
OpenMethods.HarmonyConfiguration,Notes.id,ID,standard,false,integer,"",,false,"",The unique identifier of the note.,Number,not measured,,,,,,,"","",,"",""
OpenMethods.HarmonyConfiguration,Notes.text,Text,standard,false,string,"",349525,false,"",The text content in the note.,Text Area (Long),not measured,,,,,,,"","",,"",""
OpenMethods.HarmonyConfiguration,Notes.updatedByAccount,UpdatedByAccount,standard,false,object,"",,true,accounts,The staff member account that updated the note.,Lookup(User),not measured,,,,,,,"","",,"",""
OpenMethods.HarmonyConfiguration,Notes.updatedTime,UpdatedTime,standard,false,string,date-time,,true,"",The date and time when the note was last updated. This attribute is read-only.,Date/Time,not measured,,,,,,,"","",,"",""
SCIF.mGender,Labels.labelText,LabelText,standard,false,string,"",80,false,"",The language-specific label text. The value cannot be null or empty.,Text(80),not measured,,,,,,,"","",,"",""
SCIF.mStandardYesNo,Labels.labelText,LabelText,standard,false,string,"",80,false,"",The language-specific label text. The value cannot be null or empty.,Text(80),not measured,,,,,,,"","",,"",""
contacts,serviceSettings.productNotifications.interface,Interface,standard,true,object,"",,false,siteInterfaces,The interface on which the notification was created.,Picklist,not measured,,,,,,3,nci;nci1;nci2,Rows of siteInterfaces,,"",""
contacts,serviceSettings.productNotifications.product,Product,standard,true,object,"",,false,serviceProducts,The product that causes the notification to be sent. This is the key for the list entry.,Picklist,not measured,,,,,,7,Knowledge;National Organizations;Referral;Standard Response;Internal Information;PIQ;OD,Rows of serviceProducts,,"",""
contacts,serviceSettings.productNotifications.startTime,StartTime,standard,false,string,date-time,,false,"",The date and time when the notification period began.,Date/Time,not measured,,,,,,,"","",,"",""
SCIF.SCIF,Notes.createdByAccount,CreatedByAccount,standard,false,object,"",,true,accounts,The staff member account that created the note.,Lookup(User),not measured,,,,,,,"","",,"",""
SCIF.SCIF,Notes.createdTime,CreatedTime,standard,false,string,date-time,,true,"",The date and time when the note was created. This attribute is read-only.,Date/Time,not measured,,,,,,,"","",,"",""
SCIF.SCIF,Notes.id,ID,standard,false,integer,"",,false,"",The unique identifier of the note.,Number,not measured,,,,,,,"","",,"",""
SCIF.SCIF,Notes.text,Text,standard,false,string,"",349525,false,"",The text content in the note.,Text Area (Long),not measured,,,,,,,"","",,"",""
SCIF.SCIF,Notes.updatedByAccount,UpdatedByAccount,standard,false,object,"",,true,accounts,The staff member account that updated the note.,Lookup(User),not measured,,,,,,,"","",,"",""
SCIF.SCIF,Notes.updatedTime,UpdatedTime,standard,false,string,date-time,,true,"",The date and time when the note was last updated. This attribute is read-only.,Date/Time,not measured,,,,,,,"","",,"",""
countries,provinces.names.labelText,LabelText,standard,false,string,"",80,false,"",The language-specific label text. The value cannot be null or empty.,Text(80),not measured,,,,,,,"","",,"",""
countries,provinces.names.language,Language,standard,true,object,"",,false,language,The ID of the language. This is the key for the list entry.,Picklist,not measured,,,,,,2,en_US;es_ES,Shared Oracle list for language,,"",""
answers,commonAttachments.names.labelText,LabelText,standard,false,string,"",80,false,"",The language-specific label text. The value cannot be null or empty.,Text(80),not measured,,,,,,,"","",,"",""
answers,commonAttachments.names.language,Language,standard,true,object,"",,false,language,The ID of the language. This is the key for the list entry.,Picklist,not measured,,,,,,2,en_US;es_ES,Shared Oracle list for language,,"",""
answerVersions,commonAttachments.names.labelText,LabelText,standard,false,string,"",80,false,"",The language-specific label text. The value cannot be null or empty.,Text(80),not measured,,,,,,,"","",,"",""
answerVersions,commonAttachments.names.language,Language,standard,true,object,"",,false,language,The ID of the language. This is the key for the list entry.,Picklist,not measured,,,,,,2,en_US;es_ES,Shared Oracle list for language,,"",""
contacts,serviceSettings.answerNotifications.answer,Answer,standard,false,object,"",,false,answers,The answer that causes the notification to be sent. This is the key for the list entry.,Lookup,not measured,,,,,,,"","",,"",""
contacts,serviceSettings.answerNotifications.interface,Interface,standard,true,object,"",,false,siteInterfaces,The interface on which the notification was created.,Picklist,not measured,,,,,,3,nci;nci1;nci2,Rows of siteInterfaces,,"",""
contacts,serviceSettings.answerNotifications.startTime,StartTime,standard,false,string,date-time,,true,"",The date and time when the notification period began. This attribute is read-only.,Date/Time,not measured,,,,,,,"","",,"",""
SCIF.mQuitConfidence,Labels.labelText,LabelText,standard,false,string,"",80,false,"",The language-specific label text. The value cannot be null or empty.,Text(80),not measured,,,,,,,"","",,"",""
analyticsReports,filters.attributes.editable,Editable,standard,false,boolean,"",,false,"",Indicates whether the filter is editable. This attribute does not have a default value.,Checkbox,not measured,,,,,,,"","",,"",""
analyticsReports,filters.attributes.required,Required,standard,false,boolean,"",,false,"",Indicates whether the filter is mandatory. This attribute does not have a default value.,Checkbox,not measured,,,,,,,"","",,"",""
SCIF.mInterval,Labels.labelText,LabelText,standard,false,string,"",80,false,"",The language-specific label text. The value cannot be null or empty.,Text(80),not measured,,,,,,,"","",,"",""
organizations,serviceSettings.sLAInstances.activeDate,ActiveDate,standard,false,string,date,,true,"",The date and time when the instance became active. This attribute is read-only for versions 1 and 1.1.,Date,not measured,,,,,,,"","",,"",""
organizations,serviceSettings.sLAInstances.expireDate,ExpireDate,standard,false,string,date,,true,"",The date and time when the instance is scheduled to expire. This attribute is read-only.,Date,not measured,,,,,,,"","",,"",""
organizations,serviceSettings.sLAInstances.id,ID,standard,false,integer,"",,false,"",The unique identifier of the SLA instance. This attribute is read-only and specify-to-get for versions 1 and 1.1.,Number,not measured,,,,,,,"","",,"",""
organizations,serviceSettings.sLAInstances.nameOfSLA,NameOfSLA,standard,true,object,"",,false,nameOfSLA,The SLA from which the instance was created. This attribute is read-only for versions 1 and 1.1.,Picklist,not measured,,,,,,,"",No values defined in Oracle,,"",""
organizations,serviceSettings.sLAInstances.remainingFromChat,RemainingFromChat,standard,false,integer,"",,true,"",The number of chat incidents remaining. This attribute is read-only.,Number,not measured,,,,,,,"","",,"",""
organizations,serviceSettings.sLAInstances.remainingFromCSR,RemainingFromCSR,standard,false,integer,"",,true,"",The number of CSR incidents remaining. This attribute is read-only.,Number,not measured,,,,,,,"","",,"",""
organizations,serviceSettings.sLAInstances.remainingFromEmail,RemainingFromEmail,standard,false,integer,"",,true,"",The number of email incidents remaining. This attribute is read-only.,Number,not measured,,,,,,,"","",,"",""
organizations,serviceSettings.sLAInstances.remainingFromWeb,RemainingFromWeb,standard,false,integer,"",,true,"",The number of web self-service incidents remaining. This attribute is read-only.,Number,not measured,,,,,,,"","",,"",""
organizations,serviceSettings.sLAInstances.remainingTotal,RemainingTotal,standard,false,integer,"",,true,"",The total number of incidents remaining. This attribute is read-only.,Number,not measured,,,,,,,"","",,"",""
organizations,serviceSettings.sLAInstances.sLASet,SLASet,standard,false,integer,"",,true,"",The SLA set from which the instance was created. This attribute is read-only.,Number,not measured,,,,,,,"","",,"",""
organizations,serviceSettings.sLAInstances.stateOfSLA,StateOfSLA,standard,true,object,"",,true,stateOfSLA,"The current state of the SLA such as Inactive, Active, Expired, or Disabled. This attribute is read-only for versions 1 and 1.1.",Picklist,not measured,,,,,,4,Inactive;Active;Expired;Disabled,Shared Oracle list for stateOfSLA,,"",""
standardContents,folder.parents.id,ID,standard,false,integer,"",,true,"",ID value.  Read-only,Number,not measured,,,,,,,"","",,"",""
standardContents,folder.parents.lookupName,LookupName,standard,false,string,"",255,false,"",Name used to lookup this object,Text(255),not measured,,,,,,,"","",,"",""
Referrals.mReferralLanguage,Labels.labelText,LabelText,standard,false,string,"",80,false,"",The language-specific label text. The value cannot be null or empty.,Text(80),not measured,,,,,,,"","",,"",""
Referrals.mReferralState,Labels.labelText,LabelText,standard,false,string,"",80,false,"",The language-specific label text. The value cannot be null or empty.,Text(80),not measured,,,,,,,"","",,"",""
variables,folder.parents.id,ID,standard,false,integer,"",,true,"",ID value.  Read-only,Number,not measured,,,,,,,"","",,"",""
variables,folder.parents.lookupName,LookupName,standard,false,string,"",255,false,"",Name used to lookup this object,Text(255),not measured,,,,,,,"","",,"",""
contacts,serviceSettings.sLAInstances.activeDate,ActiveDate,standard,false,string,date,,true,"",The date and time when the instance became active. This attribute is read-only for versions 1 and 1.1.,Date,not measured,,,,,,,"","",,"",""
contacts,serviceSettings.sLAInstances.expireDate,ExpireDate,standard,false,string,date,,true,"",The date and time when the instance is scheduled to expire. This attribute is read-only.,Date,not measured,,,,,,,"","",,"",""
contacts,serviceSettings.sLAInstances.id,ID,standard,false,integer,"",,false,"",The unique identifier of the SLA instance. This attribute is read-only and specify-to-get for versions 1 and 1.1.,Number,not measured,,,,,,,"","",,"",""
contacts,serviceSettings.sLAInstances.nameOfSLA,NameOfSLA,standard,true,object,"",,false,nameOfSLA,The SLA from which the instance was created. This attribute is read-only for versions 1 and 1.1.,Picklist,not measured,,,,,,,"",No values defined in Oracle,,"",""
contacts,serviceSettings.sLAInstances.remainingFromChat,RemainingFromChat,standard,false,integer,"",,true,"",The number of chat incidents remaining. This attribute is read-only.,Number,not measured,,,,,,,"","",,"",""
contacts,serviceSettings.sLAInstances.remainingFromCSR,RemainingFromCSR,standard,false,integer,"",,true,"",The number of CSR incidents remaining. This attribute is read-only.,Number,not measured,,,,,,,"","",,"",""
contacts,serviceSettings.sLAInstances.remainingFromEmail,RemainingFromEmail,standard,false,integer,"",,true,"",The number of email incidents remaining. This attribute is read-only.,Number,not measured,,,,,,,"","",,"",""
contacts,serviceSettings.sLAInstances.remainingFromWeb,RemainingFromWeb,standard,false,integer,"",,true,"",The number of web self-service incidents remaining. This attribute is read-only.,Number,not measured,,,,,,,"","",,"",""
contacts,serviceSettings.sLAInstances.remainingTotal,RemainingTotal,standard,false,integer,"",,true,"",The total number of incidents remaining. This attribute is read-only.,Number,not measured,,,,,,,"","",,"",""
contacts,serviceSettings.sLAInstances.sLASet,SLASet,standard,false,integer,"",,true,"",The SLA set from which the instance was created. This attribute is read-only.,Number,not measured,,,,,,,"","",,"",""
contacts,serviceSettings.sLAInstances.stateOfSLA,StateOfSLA,standard,true,object,"",,true,stateOfSLA,"The current state of the SLA such as Inactive, Active, Expired, or Disabled. This attribute is read-only for versions 1 and 1.1.",Picklist,not measured,,,,,,4,Inactive;Active;Expired;Disabled,Shared Oracle list for stateOfSLA,,"",""
DEMOGR.Study,Notes.createdByAccount,CreatedByAccount,standard,false,object,"",,true,accounts,The staff member account that created the note.,Lookup(User),not measured,,,,,,,"","",,"",""
DEMOGR.Study,Notes.createdTime,CreatedTime,standard,false,string,date-time,,true,"",The date and time when the note was created. This attribute is read-only.,Date/Time,not measured,,,,,,,"","",,"",""
DEMOGR.Study,Notes.id,ID,standard,false,integer,"",,false,"",The unique identifier of the note.,Number,not measured,,,,,,,"","",,"",""
DEMOGR.Study,Notes.text,Text,standard,false,string,"",349525,false,"",The text content in the note.,Text Area (Long),not measured,,,,,,,"","",,"",""
DEMOGR.Study,Notes.updatedByAccount,UpdatedByAccount,standard,false,object,"",,true,accounts,The staff member account that updated the note.,Lookup(User),not measured,,,,,,,"","",,"",""
DEMOGR.Study,Notes.updatedTime,UpdatedTime,standard,false,string,date-time,,true,"",The date and time when the note was last updated. This attribute is read-only.,Date/Time,not measured,,,,,,,"","",,"",""
organizations,salesSettings.totalRevenue.currency,Currency,standard,true,object,"",,false,currency,The ID of the currency.,Picklist,not measured,,,,,,1,USD,This field's own list,,"",""
organizations,salesSettings.totalRevenue.exchangeRate,ExchangeRate,standard,true,object,"",,false,exchangeRate,The exchange rate in effect when the value was set. This is used to convert the value to other currencies.,Picklist,not measured,,,,,,1,01/03/1970 - Today,This field's own list,,"",""
organizations,salesSettings.totalRevenue.value,Value,standard,false,number,"",,false,"",The value of the currency.,Number,not measured,,,,,,,"","",,"",""
SCIF.mReasontoQuit,Labels.labelText,LabelText,standard,false,string,"",80,false,"",The language-specific label text. The value cannot be null or empty.,Text(80),not measured,,,,,,,"","",,"",""
Referrals.mReferralLanguage,Labels.language.id,ID,standard,false,integer,"",,false,"",ID value,Number,not measured,,,,,,,"","",,"",""
Referrals.mReferralLanguage,Labels.language.lookupName,LookupName,standard,false,string,"",255,false,"",Name used to lookup this object,Text(255),not measured,,,,,,,"","",,"",""
SCIF.mInterval,Labels.language.id,ID,standard,false,integer,"",,false,"",ID value,Number,not measured,,,,,,,"","",,"",""
SCIF.mInterval,Labels.language.lookupName,LookupName,standard,false,string,"",255,false,"",Name used to lookup this object,Text(255),not measured,,,,,,,"","",,"",""
SCIF.mQuitConfidence,Labels.language.id,ID,standard,false,integer,"",,false,"",ID value,Number,not measured,,,,,,,"","",,"",""
SCIF.mQuitConfidence,Labels.language.lookupName,LookupName,standard,false,string,"",255,false,"",Name used to lookup this object,Text(255),not measured,,,,,,,"","",,"",""
SCIF.mReasontoQuit,Labels.language.id,ID,standard,false,integer,"",,false,"",ID value,Number,not measured,,,,,,,"","",,"",""
SCIF.mReasontoQuit,Labels.language.lookupName,LookupName,standard,false,string,"",255,false,"",Name used to lookup this object,Text(255),not measured,,,,,,,"","",,"",""
SCIF.mGender,Labels.language.id,ID,standard,false,integer,"",,false,"",ID value,Number,not measured,,,,,,,"","",,"",""
SCIF.mGender,Labels.language.lookupName,LookupName,standard,false,string,"",255,false,"",Name used to lookup this object,Text(255),not measured,,,,,,,"","",,"",""
SCIF.SCIF,Notes.channel.id,ID,standard,false,integer,"",,false,"",ID value,Number,not measured,,,,,,,"","",,"",""
SCIF.SCIF,Notes.channel.lookupName,LookupName,standard,false,string,"",255,false,"",Name used to lookup this object,Text(255),not measured,,,,,,,"","",,"",""
SCIF.mPositiveInf,Labels.language.id,ID,standard,false,integer,"",,false,"",ID value,Number,not measured,,,,,,,"","",,"",""
SCIF.mPositiveInf,Labels.language.lookupName,LookupName,standard,false,string,"",255,false,"",Name used to lookup this object,Text(255),not measured,,,,,,,"","",,"",""
Referrals.mReferralState,Labels.language.id,ID,standard,false,integer,"",,false,"",ID value,Number,not measured,,,,,,,"","",,"",""
Referrals.mReferralState,Labels.language.lookupName,LookupName,standard,false,string,"",255,false,"",Name used to lookup this object,Text(255),not measured,,,,,,,"","",,"",""
OpenMethods.InteractionWorkflow,Notes.channel.id,ID,standard,false,integer,"",,false,"",ID value,Number,not measured,,,,,,,"","",,"",""
OpenMethods.InteractionWorkflow,Notes.channel.lookupName,LookupName,standard,false,string,"",255,false,"",Name used to lookup this object,Text(255),not measured,,,,,,,"","",,"",""
Referrals.mReferralCountry,Labels.language.id,ID,standard,false,integer,"",,false,"",ID value,Number,not measured,,,,,,,"","",,"",""
Referrals.mReferralCountry,Labels.language.lookupName,LookupName,standard,false,string,"",255,false,"",Name used to lookup this object,Text(255),not measured,,,,,,,"","",,"",""
SCIF.mStandardYesNo,Labels.language.id,ID,standard,false,integer,"",,false,"",ID value,Number,not measured,,,,,,,"","",,"",""
SCIF.mStandardYesNo,Labels.language.lookupName,LookupName,standard,false,string,"",255,false,"",Name used to lookup this object,Text(255),not measured,,,,,,,"","",,"",""
DEMOGR.Study,Notes.channel.id,ID,standard,false,integer,"",,false,"",ID value,Number,not measured,,,,,,,"","",,"",""
DEMOGR.Study,Notes.channel.lookupName,LookupName,standard,false,string,"",255,false,"",Name used to lookup this object,Text(255),not measured,,,,,,,"","",,"",""
OpenMethods.HarmonyConfiguration,Notes.channel.id,ID,standard,false,integer,"",,false,"",ID value,Number,not measured,,,,,,,"","",,"",""
OpenMethods.HarmonyConfiguration,Notes.channel.lookupName,LookupName,standard,false,string,"",255,false,"",Name used to lookup this object,Text(255),not measured,,,,,,,"","",,"",""
